win,kills,deaths,assists,largestKillingSpree,largestMultiKill,killingSprees,longestTimeSpentLiving,doubleKills,tripleKills,quadraKills,pentaKills,unrealKills,totalDamageDealt,magicDamageDealt,physicalDamageDealt,trueDamageDealt,largestCriticalStrike,totalDamageDealtToChampions,magicDamageDealtToChampions,physicalDamageDealtToChampions,trueDamageDealtToChampions,totalHeal,totalUnitsHealed,damageSelfMitigated,damageDealtToObjectives,damageDealtToTurrets,visionScore,timeCCingOthers,totalDamageTaken,magicalDamageTaken,physicalDamageTaken,trueDamageTaken,goldEarned,goldSpent,turretKills,inhibitorKills,totalMinionsKilled,neutralMinionsKilled,neutralMinionsKilledTeamJungle,neutralMinionsKilledEnemyJungle,totalTimeCrowdControlDealt,champLevel,visionWardsBoughtInGame,sightWardsBoughtInGame,wardsPlaced,wardsKilled,firstBloodKill,firstBloodAssist,firstTowerKill,firstTowerAssist,firstInhibitorKill,firstInhibitorAssist,creepsPerMinDeltas0-10,creepsPerMinDeltas10-20,creepsPerMinDeltas20-30,xpPerMinDeltas0-10,xpPerMinDeltas10-20,xpPerMinDeltas20-30,goldPerMinDeltas0-10,goldPerMinDeltas10-20,goldPerMinDeltas20-30,xpDiffPerMinDeltas,damageTakenPerMinsDeltas,damageTakenDiffPerMinsDeltas,summonerName
0,10,7,5,6,3,2,452,1,1,0,0,0,244850,7266,236349,1234,954,32382,2057,29678,646,3023,2,20605,15994,5406,22,7,22207,6255,14396,1554,16484,16630,3,0,276,18,14,4,67,16,4,0,10,12,0,0,0,0,0,0,6.6,8.9,8.3,274.9,494.5,637.8,237.29999999999998,476.1,692.4000000000001,-53.150000000000006,13.149999999999977,-16.25,"{'0-10': 'NaN', '10-20': 'NaN', '20-30': 'NaN'}","{'0-10': 'NaN', '10-20': 'NaN', '20-30': 'NaN'}",Gen G Ruler
1,3,6,7,0,1,0,408,0,0,0,0,0,98339,0,83449,14889,0,13446,0,12007,1438,1377,1,17694,11818,3479,15,24,22133,8315,13345,473,9205,7883,2,0,141,12,5,1,165,14,1,0,8,2,0,0,0,0,NaN,6.6,7.4,NaN,474.2,459.6,NaN,321.1,383.8,NaN,88.6,-104.4,NaN,"{'0-10': 'NaN', '10-20': 'NaN', '20-30': 'NaN'}","{'0-10': 'NaN', '10-20': 'NaN', '20-30': 'NaN'}",2l3204284vu0 
1,3,3,9,0,1,0,625,0,0,0,0,0,25284,10932,7269,7082,0,6777,4752,1161,863,1154,5,18771,551,129,52,41,10022,3527,6064,430,8184,7775,0,0,31,0,0,0,204,13,9,0,26,3,0,0,0,0,0,1,1.4,1.3,NaN,251.39999999999998,473.7,NaN,145.39999999999998,361.3,NaN,7.850000000000023,65.9,NaN,"{'0-10': 'NaN', '10-20': 'NaN', '20-30': 'NaN'}","{'0-10': 'NaN', '10-20': 'NaN', '20-30': 'NaN'}",리그오브래전드ll
1,2,5,5,0,1,0,474,0,0,0,0,0,91262,72917,10803,7540,0,12846,11440,1274,131,367,1,5966,10615,3872,28,8,11707,3917,7549,240,7769,7475,3,0,135,4,0,0,132,13,4,0,9,4,0,0,0,0,0,0,7.6000000000000005,5,NaN,464.1,390.3,NaN,263.79999999999995,307,NaN,-76.69999999999996,-124.59999999999997,NaN,"{'0-10': 'NaN', '10-20': 'NaN', '20-30': 'NaN'}","{'0-10': 'NaN', '10-20': 'NaN', '20-30': 'NaN'}",나는대포너는머포
1,3,2,10,3,1,1,300,0,0,0,0,0,142741,1388,136173,5179,820,17647,1064,15638,944,721,2,6921,9854,8162,26,8,7239,1927,5199,112,10409,8575,3,1,212,15,9,4,113,13,3,0,8,6,0,0,1,0,0,0,7.8,11.2,NaN,315.7,542,NaN,259,544.7,NaN,-3.450000000000017,144.95,NaN,"{'0-10': 'NaN', '10-20': 'NaN', '20-30': 'NaN'}","{'0-10': 'NaN', '10-20': 'NaN', '20-30': 'NaN'}",Gen G Ruler
1,8,4,6,4,2,2,547,1,0,0,0,0,20368,0,12420,7948,0,7693,0,5286,2407,3099,1,7264,2193,2193,64,12,13715,4859,8419,436,10152,8850,2,0,31,3,0,0,56,12,8,0,27,11,0,0,0,0,0,1,1.1,1.7000000000000002,NaN,221.7,423.70000000000005,NaN,163.8,471.20000000000005,NaN,-66.45,115.60000000000002,NaN,"{'0-10': 'NaN', '10-20': 'NaN', '20-30': 'NaN'}","{'0-10': 'NaN', '10-20': 'NaN', '20-30': 'NaN'}",용꼬리뱀꼬리
0,3,13,6,0,1,0,364,0,0,0,0,0,100180,74684,17040,8456,0,23412,18167,2420,2824,2866,1,7225,1876,1876,24,45,25513,14430,8600,2482,9465,9175,0,0,148,12,8,0,189,13,5,0,11,1,0,0,0,0,NaN,7.1000000000000005,5.1,NaN,432.4,416.2,NaN,296.1,393,NaN,"{'0-10': 'NaN', '10-20': 'NaN', '20-30': 'NaN'}","{'0-10': 'NaN', '10-20': 'NaN', '20-30': 'NaN'}","{'0-10': 'NaN', '10-20': 'NaN', '20-30': 'NaN'}",Gen G Ruler
1,9,3,13,5,2,2,880,1,0,0,0,0,180377,142065,25860,12451,0,16198,13939,1561,698,16892,4,13512,45301,3834,32,3,26196,5893,20015,288,12265,11225,5,0,23,152,71,27,133,15,3,0,6,9,0,0,0,0,0,1,0.8,1.1,NaN,439.5,621.5,NaN,387,474.8,NaN,25.80000000000001,-28,NaN,"{'0-10': 'NaN', '10-20': 'NaN', '20-30': 'NaN'}","{'0-10': 'NaN', '10-20': 'NaN', '20-30': 'NaN'}",Land of Glory
0,0,8,2,0,0,0,340,0,0,0,0,0,59371,3179,53017,3175,0,10493,866,9626,0,442,1,5792,2383,2234,16,0,13260,5882,6579,798,5274,5250,0,0,117,0,0,0,13,10,2,0,8,1,0,0,0,0,NaN,6.1,NaN,361.3,NaN,218.7,NaN,-35.619999999999976,NaN,"{'0-10': 'NaN', '10-20': 'NaN', '20-30': 'NaN'}","{'0-10': 'NaN', '10-20': 'NaN', '20-30': 'NaN'}",송아지얼룩송아지
1,7,4,10,2,1,3,628,0,0,0,0,0,127048,1141,113299,12607,792,17563,601,16962,0,1287,4,8301,9517,4881,11,6,12830,2236,9380,1213,11197,9275,2,0,189,8,4,0,76,13,2,0,7,1,0,0,0,0,NaN,8.5,7.300000000000001,NaN,377.6,473.6,NaN,343.4,488.79999999999995,NaN,85.69999999999997,-23.75000000000003,NaN,"{'0-10': 'NaN', '10-20': 'NaN', '20-30': 'NaN'}","{'0-10': 'NaN', '10-20': 'NaN', '20-30': 'NaN'}",milaoshuC
1,7,2,10,7,2,1,1097,1,0,0,0,0,156149,88853,64455,2840,0,23045,15120,7925,0,3113,1,48750,9258,5490,27,42,38415,10101,19284,9029,13563,13200,2,0,209,14,0,6,426,17,2,0,14,4,0,0,0,0,0,1,7.3999999999999995,8.1,4.6,470.4,517.9000000000001,497.8,253.39999999999998,369.6,484.9,1.4000000000000057,91.30000000000004,-53.30000000000001,"{'0-10': 'NaN', '10-20': 'NaN', '20-30': 'NaN'}","{'0-10': 'NaN', '10-20': 'NaN', '20-30': 'NaN'}",용호야
0,1,5,1,0,1,0,728,0,0,0,0,0,108990,96657,10462,1870,0,6601,5922,319,360,715,1,5542,2635,1943,20,10,11326,4040,7260,26,8888,8875,1,0,208,10,10,0,170,13,5,0,12,2,0,0,0,0,NaN,9.4,9.5,NaN,496.4,510.4,NaN,307.6,402.6,NaN,86.80000000000001,14.599999999999994,NaN,"{'0-10': 'NaN', '10-20': 'NaN', '20-30': 'NaN'}","{'0-10': 'NaN', '10-20': 'NaN', '20-30': 'NaN'}",LOOK i 1vs5
1,12,6,11,3,2,4,573,2,0,0,0,0,204811,3958,197640,3212,1102,37368,1379,34641,1346,5626,3,19080,17992,10879,49,22,22372,8504,11519,2349,14981,13075,4,1,234,24,12,4,179,14,3,0,8,13,0,0,0,0,1,0,7.9,9.8,NaN,362.6,494.1,NaN,367.3,586.8,NaN,"{'0-10': 'NaN', '10-20': 'NaN', '20-30': 'NaN'}","{'0-10': 'NaN', '10-20': 'NaN', '20-30': 'NaN'}","{'0-10': 'NaN', '10-20': 'NaN', '20-30': 'NaN'}",Gen G Ruler
1,2,0,14,2,1,1,0,0,0,0,0,0,14773,11401,2912,460,0,7377,5708,1209,460,6029,5,2792,2138,1764,70,22,4162,1967,2087,108,7121,5850,0,0,7,0,0,0,90,12,12,0,46,6,0,0,0,0,0,1,0,0.5,NaN,305.1,353.70000000000005,NaN,175.8,312.79999999999995,NaN,35.89999999999996,143.85000000000002,NaN,"{'0-10': 'NaN', '10-20': 'NaN', '20-30': 'NaN'}","{'0-10': 'NaN', '10-20': 'NaN', '20-30': 'NaN'}",아름답고 슬픈 꽃
1,11,6,4,3,2,4,460,1,0,0,0,0,333937,6070,320585,7282,1127,41604,2192,37376,2036,4845,3,33256,10894,10894,75,25,23869,11058,12293,518,19989,17500,5,3,318,59,28,27,328,17,4,0,13,22,0,0,0,0,1,0,6.7,11.399999999999999,6,244.89999999999998,679.0999999999999,453.8,272.20000000000005,623.7,525.1,"{'0-10': 'NaN', '10-20': 'NaN', '20-30': 'NaN'}","{'0-10': 'NaN', '10-20': 'NaN', '20-30': 'NaN'}","{'0-10': 'NaN', '10-20': 'NaN', '20-30': 'NaN'}",Gen G Ruler
1,10,1,15,7,2,2,1125,2,0,0,0,0,97024,371,89547,7105,420,22307,283,22024,0,11371,5,5637,8841,7085,16,35,11496,4465,6937,94,10669,9025,5,0,128,8,4,4,170,12,1,0,8,3,0,0,0,1,0,1,5.6,6.4,NaN,349.8,480.6,NaN,356.7,524.5,NaN,65.69999999999999,76.65000000000003,NaN,"{'0-10': 'NaN', '10-20': 'NaN', '20-30': 'NaN'}","{'0-10': 'NaN', '10-20': 'NaN', '20-30': 'NaN'}",호잇이
1,5,2,14,5,1,1,1262,0,0,0,0,0,158741,116140,31270,11331,0,17175,13848,1577,1750,16145,1,21143,26994,477,50,26,26997,7513,19097,386,11356,11345,1,0,22,130,69,23,420,16,10,0,18,10,0,0,0,0,0,0,0.1,1.1,0.5,299.3,559.7,556.5,234.1,454.5,336.3,-11.199999999999989,36.79999999999998,16.099999999999994,"{'0-10': 'NaN', '10-20': 'NaN', '20-30': 'NaN'}","{'0-10': 'NaN', '10-20': 'NaN', '20-30': 'NaN'}",Gen G Bonnie
1,7,2,10,3,2,3,707,1,0,0,0,0,94101,81503,10229,2368,0,21256,20056,649,550,2223,1,9836,4033,1237,13,14,11250,4701,6473,75,9414,8475,1,0,137,8,0,1,134,13,1,0,6,1,0,0,0,0,0,1,8,5.6,NaN,515.4,542.9,NaN,312.7,477.3,NaN,35,171.2,NaN,"{'0-10': 'NaN', '10-20': 'NaN', '20-30': 'NaN'}","{'0-10': 'NaN', '10-20': 'NaN', '20-30': 'NaN'}",hy2rwt
1,5,1,4,3,2,2,798,1,0,0,0,0,69243,57757,8424,3061,0,9345,8258,926,160,781,1,2072,354,224,12,21,4922,2333,2489,100,7273,5860,0,0,136,4,4,0,199,12,2,0,7,1,0,0,0,0,NaN,8.3,NaN,514,NaN,381,NaN,52.180000000000035,NaN,"{'0-10': 'NaN', '10-20': 'NaN', '20-30': 'NaN'}","{'0-10': 'NaN', '10-20': 'NaN', '20-30': 'NaN'}",hy2rwt
1,8,1,6,8,2,1,295,3,0,0,0,0,102346,1477,98392,2476,1567,14798,1109,13129,559,1339,2,6078,11346,7916,27,12,7729,1141,6325,262,11281,9750,1,0,191,12,8,4,74,12,4,0,8,9,0,0,0,0,0,0,7.9,11.2,NaN,316.8,583.4000000000001,NaN,348.8,728.8,NaN,-0.30000000000001137,161.65000000000003,NaN,"{'0-10': 'NaN', '10-20': 'NaN', '20-30': 'NaN'}","{'0-10': 'NaN', '10-20': 'NaN', '20-30': 'NaN'}",Gen G Ruler
0,6,5,2,3,2,2,557,1,0,0,0,0,217016,5117,202971,8927,711,29255,2304,25943,1007,2399,3,11294,7279,7279,54,17,16480,6423,9137,919,14561,13800,3,0,286,28,24,0,110,14,10,0,16,14,0,0,0,0,0,0,8.9,10.100000000000001,7.7,286.79999999999995,497.4,415.6,281.9,511.29999999999995,529.9,-7.299999999999997,46.19999999999999,-167.65,"{'0-10': 'NaN', '10-20': 'NaN', '20-30': 'NaN'}","{'0-10': 'NaN', '10-20': 'NaN', '20-30': 'NaN'}",Gen G Ruler
1,5,4,10,4,1,1,667,0,0,0,0,0,109237,1679,99211,8347,599,10752,321,10187,244,2060,2,6546,4272,4272,17,9,13198,2134,9999,1063,9690,7500,1,2,156,12,12,0,105,13,2,0,8,4,0,0,0,0,1,0,7.1,7,NaN,374.4,481.09999999999997,NaN,308.29999999999995,419.29999999999995,NaN,"{'0-10': 'NaN', '10-20': 'NaN', '20-30': 'NaN'}","{'0-10': 'NaN', '10-20': 'NaN', '20-30': 'NaN'}","{'0-10': 'NaN', '10-20': 'NaN', '20-30': 'NaN'}",골목대장 태훈이
0,2,8,2,0,1,0,574,0,0,0,0,0,132580,121102,10946,531,0,13351,12173,646,531,18368,1,12611,4286,1649,16,4,30121,15328,14018,774,9189,14535,0,0,202,8,5,0,113,14,1,0,9,0,0,0,0,0,0,0,6,8.3,NaN,419.9,485.7,NaN,255.2,371.6,NaN,-68.70000000000002,-147.10000000000002,NaN,"{'0-10': 'NaN', '10-20': 'NaN', '20-30': 'NaN'}","{'0-10': 'NaN', '10-20': 'NaN', '20-30': 'NaN'}",삐삐계약
0,7,3,19,5,1,1,1301,0,0,0,0,0,215558,115444,97375,2738,0,32813,20069,12623,120,10511,1,96088,7856,3726,24,59,61140,17906,41761,1472,16077,14800,1,0,228,8,4,0,646,18,2,0,15,2,1,0,0,0,0,0,6,8.1,6,455.5,591.5,551.7,294.6,545.4,451.7,5.300000000000011,199.3,104.79999999999998,"{'0-10': 'NaN', '10-20': 'NaN', '20-30': 'NaN'}","{'0-10': 'NaN', '10-20': 'NaN', '20-30': 'NaN'}",용호야
1,17,5,8,5,3,4,502,3,1,0,0,0,202679,183652,19027,0,0,43928,39165,4763,0,18064,1,24804,6366,2410,30,12,37833,13666,22294,1872,16751,14100,0,0,205,32,20,5,234,18,2,0,13,6,1,0,0,0,0,0,6.6,7.1,6.699999999999999,372.7,545.3,869.2,279.2,553.8,674.4,"{'0-10': 'NaN', '10-20': 'NaN', '20-30': 'NaN'}","{'0-10': 'NaN', '10-20': 'NaN', '20-30': 'NaN'}","{'0-10': 'NaN', '10-20': 'NaN', '20-30': 'NaN'}",강정닭강정
1,9,3,6,3,2,3,810,3,0,0,0,0,201351,16915,182829,1606,1714,18314,2551,15289,474,4319,3,10250,8570,4446,31,21,21370,6758,14459,151,14289,12200,0,0,232,28,23,2,230,14,8,0,17,6,0,0,0,0,0,1,7.5,9.2,5.9,312.1,476.5,451.3,257.1,490.1,514.3,-34.39999999999999,31.30000000000001,-39.349999999999994,"{'0-10': 'NaN', '10-20': 'NaN', '20-30': 'NaN'}","{'0-10': 'NaN', '10-20': 'NaN', '20-30': 'NaN'}",T1 Gumayusi
0,1,5,11,0,1,0,852,0,0,0,0,0,38554,29856,3313,5383,0,12680,11381,499,800,2054,1,11240,687,106,53,14,18794,6413,10992,1389,6766,5985,0,0,40,0,0,0,147,12,6,0,27,6,1,0,0,0,0,0,1.4,2.1,NaN,251.2,425.9,NaN,218.4,279.1,NaN,-18.15000000000002,-73.6,NaN,"{'0-10': 'NaN', '10-20': 'NaN', '20-30': 'NaN'}","{'0-10': 'NaN', '10-20': 'NaN', '20-30': 'NaN'}",리그오브래전드ll
0,7,4,4,5,1,1,925,0,0,0,0,0,124112,27622,80807,15682,0,12855,492,8027,4335,7567,1,17346,3820,0,16,13,23395,6547,16005,842,9894,9825,0,0,32,111,91,3,599,12,5,0,5,3,0,0,0,0,NaN,0.7,2.2,NaN,403.5,549.4,NaN,334.4,530.5999999999999,NaN,114.3,-41.099999999999994,NaN,"{'0-10': 'NaN', '10-20': 'NaN', '20-30': 'NaN'}","{'0-10': 'NaN', '10-20': 'NaN', '20-30': 'NaN'}",FA Mightybear
1,3,2,3,2,1,1,1196,0,0,0,0,0,111190,0,106630,4560,0,13098,0,13098,0,8638,1,12103,3045,2713,20,20,16869,7861,6260,2747,10473,10325,1,0,195,12,4,0,160,15,1,0,8,4,0,0,0,0,0,0,7.3,9.4,NaN,476.4,569.9000000000001,NaN,272.2,496.6,NaN,14.399999999999949,118.50000000000003,NaN,"{'0-10': 'NaN', '10-20': 'NaN', '20-30': 'NaN'}","{'0-10': 'NaN', '10-20': 'NaN', '20-30': 'NaN'}",socutezz
1,2,1,10,2,1,1,1269,0,0,0,0,0,102181,79162,17262,5756,7,13693,11148,2349,196,7630,1,16293,3807,1284,11,5,17192,2508,14287,396,9337,9175,1,0,149,8,1,1,93,14,1,0,8,1,0,0,0,0,0,1,7.1,7.800000000000001,NaN,463.8,611,NaN,290.5,491.2,NaN,3.8000000000000114,138.1,NaN,"{'0-10': 'NaN', '10-20': 'NaN', '20-30': 'NaN'}","{'0-10': 'NaN', '10-20': 'NaN', '20-30': 'NaN'}",Why N0T
1,2,3,21,0,1,0,541,0,0,0,0,0,33077,31553,1487,36,0,21104,19714,1353,36,21726,5,5351,3220,1047,56,30,6880,2104,4557,218,8777,8125,0,0,7,0,0,0,82,15,7,0,38,2,0,0,0,0,0,1,0.1,0.1,0.5,258.6,491.3,544.7,195.1,297.4,302.4,-55.299999999999955,78.6,164.15000000000003,"{'0-10': 'NaN', '10-20': 'NaN', '20-30': 'NaN'}","{'0-10': 'NaN', '10-20': 'NaN', '20-30': 'NaN'}",곽보성김태민
0,0,7,1,0,0,0,226,0,0,0,0,0,46900,8181,38718,0,0,8556,1891,6665,0,1609,1,12461,0,0,12,14,14751,2118,11964,669,4285,3900,0,0,92,0,0,0,311,9,2,0,6,1,0,0,0,0,NaN,5.4,NaN,377.8,NaN,219.7,NaN,-60.97999999999996,NaN,"{'0-10': 'NaN', '10-20': 'NaN', '20-30': 'NaN'}","{'0-10': 'NaN', '10-20': 'NaN', '20-30': 'NaN'}",칼과 창 방패
0,4,8,11,3,1,1,460,0,0,0,0,0,43749,590,28163,14996,0,13881,590,6624,6666,2740,1,47212,7066,3838,92,43,29952,8128,20174,1649,9934,9550,2,0,51,0,0,0,144,13,10,0,44,17,0,0,1,0,0,1,2,2.2,0.8999999999999999,265,299.4,405.5,267,318.1,298.2,"{'0-10': 'NaN', '10-20': 'NaN', '20-30': 'NaN'}","{'0-10': 'NaN', '10-20': 'NaN', '20-30': 'NaN'}","{'0-10': 'NaN', '10-20': 'NaN', '20-30': 'NaN'}",곽보성김태민
1,0,7,15,0,0,0,536,0,0,0,0,0,36475,22943,7107,6424,0,9717,7563,1096,1057,18438,5,28796,4323,194,68,37,31424,11335,14888,5200,8586,7310,0,1,32,1,0,0,150,14,12,0,36,6,0,0,0,0,1,0,1.4,1.2,0.2,236.89999999999998,371.2,288.8,155.89999999999998,262.5,214.3,-14.5,10.849999999999966,-75.70000000000005,"{'0-10': 'NaN', '10-20': 'NaN', '20-30': 'NaN'}","{'0-10': 'NaN', '10-20': 'NaN', '20-30': 'NaN'}",역시폭군
0,7,8,4,2,1,1,522,0,0,0,0,0,239078,4536,225240,9301,1140,26862,594,25736,532,3190,3,18156,12618,3077,48,16,20958,11798,8720,439,15472,15275,0,0,255,54,39,4,221,15,9,0,18,11,0,0,0,0,0,0,8.5,9.2,6.1,338.79999999999995,548.1,390,393.3,463,520.1,4.299999999999969,9.750000000000028,-414.15,"{'0-10': 'NaN', '10-20': 'NaN', '20-30': 'NaN'}","{'0-10': 'NaN', '10-20': 'NaN', '20-30': 'NaN'}",T1 Gumayusi
1,3,4,4,0,1,0,694,0,0,0,0,0,291344,6788,276974,7581,917,13532,879,12550,102,1898,1,15468,24729,4128,54,6,21085,12389,8133,562,15082,13500,1,0,318,44,23,0,173,17,2,0,14,12,0,0,0,0,0,0,7.3999999999999995,9,10.7,300.7,475.5,654.2,280,368.8,488.4,"{'0-10': 'NaN', '10-20': 'NaN', '20-30': 'NaN'}","{'0-10': 'NaN', '10-20': 'NaN', '20-30': 'NaN'}","{'0-10': 'NaN', '10-20': 'NaN', '20-30': 'NaN'}",madkoed
1,2,5,4,2,1,1,831,0,0,0,0,0,203052,6140,179852,17059,0,17508,1928,15249,330,8764,1,25240,18914,5124,34,26,32917,6153,23756,3007,12484,12000,1,0,236,20,1,4,86,17,5,0,9,6,0,0,0,0,0,0,6.9,8.6,8.1,439.29999999999995,599.4,646.7,238.8,505,434,"{'0-10': 'NaN', '10-20': 'NaN', '20-30': 'NaN'}","{'0-10': 'NaN', '10-20': 'NaN', '20-30': 'NaN'}","{'0-10': 'NaN', '10-20': 'NaN', '20-30': 'NaN'}",눈가루 OwO
0,7,4,8,5,2,1,623,1,0,0,0,0,126128,48429,68294,9404,0,16079,5083,10244,751,9978,1,20792,21178,0,47,29,30819,12130,17205,1483,9800,9575,0,0,31,96,67,0,249,12,5,0,16,12,0,0,0,0,0,0,0.8,1.5,NaN,398.1,448.9,NaN,453.3,395.9,NaN,-15.600000000000023,-99.49999999999997,NaN,"{'0-10': 'NaN', '10-20': 'NaN', '20-30': 'NaN'}","{'0-10': 'NaN', '10-20': 'NaN', '20-30': 'NaN'}",KT Malrang
1,1,2,1,0,1,0,698,0,0,0,0,0,81658,71386,10272,0,0,8224,7613,611,0,11923,1,9197,5482,3370,11,3,14142,4663,9007,471,7364,6050,1,0,154,4,1,0,91,13,0,0,7,0,0,0,0,0,NaN,6.7,6.5,NaN,399.3,463,NaN,247.79999999999998,341.6,NaN,"{'0-10': 'NaN', '10-20': 'NaN', '20-30': 'NaN'}","{'0-10': 'NaN', '10-20': 'NaN', '20-30': 'NaN'}","{'0-10': 'NaN', '10-20': 'NaN', '20-30': 'NaN'}",삐삐계약
0,2,5,2,0,1,0,633,0,0,0,0,0,83893,0,83893,0,397,10417,0,10417,0,562,2,5813,3361,1367,17,11,11417,5492,5343,581,7674,7525,1,0,170,10,3,0,19,11,2,0,7,4,1,0,0,0,0,0,9.8,NaN,361.5,NaN,360.4,NaN,-47.059999999999974,NaN,"{'0-10': 'NaN', '10-20': 'NaN', '20-30': 'NaN'}","{'0-10': 'NaN', '10-20': 'NaN', '20-30': 'NaN'}",Gen G Ruler
1,8,4,1,4,1,3,349,0,0,0,0,0,124900,116573,8327,0,0,13804,13529,274,0,8965,1,8298,13375,1387,21,12,19819,7779,11513,526,12175,10900,0,0,204,16,0,8,289,16,6,0,15,7,0,0,0,0,NaN,6.7,8.9,NaN,406.4,563.7,NaN,293,408,NaN,"{'0-10': 'NaN', '10-20': 'NaN', '20-30': 'NaN'}","{'0-10': 'NaN', '10-20': 'NaN', '20-30': 'NaN'}","{'0-10': 'NaN', '10-20': 'NaN', '20-30': 'NaN'}",T1 Canna
1,4,2,11,2,1,1,780,0,0,0,0,0,150764,3154,147454,156,791,18544,1017,17396,130,1383,1,9694,24711,8240,35,8,11990,3721,8106,162,12070,9650,5,0,223,28,5,14,77,14,4,0,11,14,0,0,1,0,0,0,8.7,9.3,NaN,349,538.3,NaN,326,516.2,NaN,35.89999999999999,141.54999999999995,NaN,"{'0-10': 'NaN', '10-20': 'NaN', '20-30': 'NaN'}","{'0-10': 'NaN', '10-20': 'NaN', '20-30': 'NaN'}",T1 Gumayusi
1,6,4,11,3,2,2,492,1,0,0,0,0,149085,5139,132659,11286,0,18071,493,16550,1028,5325,1,8572,21751,2706,29,17,15642,4980,9879,783,10087,8600,0,0,30,115,60,22,369,13,5,0,6,7,0,0,0,0,0,1,0.30000000000000004,1.6,NaN,331.4,424.4,NaN,306.4,417.1,NaN,89.7,-58.099999999999966,NaN,"{'0-10': 'NaN', '10-20': 'NaN', '20-30': 'NaN'}","{'0-10': 'NaN', '10-20': 'NaN', '20-30': 'NaN'}",이주한1
1,10,2,5,8,2,2,801,3,0,0,0,0,197230,2049,190424,4755,957,22809,703,21383,721,1346,3,9055,18731,3076,38,18,10718,3243,6141,1332,15237,12850,0,1,259,25,16,5,134,15,7,0,15,12,0,0,0,0,1,0,9,10,NaN,315.4,501.70000000000005,NaN,308.8,490.4,NaN,"{'0-10': 'NaN', '10-20': 'NaN', '20-30': 'NaN'}","{'0-10': 'NaN', '10-20': 'NaN', '20-30': 'NaN'}","{'0-10': 'NaN', '10-20': 'NaN', '20-30': 'NaN'}",Gen G Ruler
0,2,4,5,0,1,0,482,0,0,0,0,0,143940,65877,66826,11236,0,8587,5166,2741,679,2243,1,33385,6154,123,19,24,22790,5717,15867,1205,10421,10575,0,0,224,0,0,0,486,15,5,0,11,6,0,0,0,0,0,0,6.7,8.7,NaN,432.3,534.9000000000001,NaN,301.1,374.5,NaN,-63.99999999999997,152.00000000000003,NaN,"{'0-10': 'NaN', '10-20': 'NaN', '20-30': 'NaN'}","{'0-10': 'NaN', '10-20': 'NaN', '20-30': 'NaN'}",Gen G Karis
1,4,1,7,3,1,1,817,0,0,0,0,0,81203,4544,73813,2846,0,9202,268,8342,592,2671,1,7150,2802,2802,9,15,12606,4530,7680,396,8358,7875,1,1,147,2,0,2,175,13,5,0,6,0,0,0,0,0,1,0,7.3,7.4,NaN,437.8,570.7,NaN,311.5,470.1,NaN,-30.700000000000003,165.8,NaN,"{'0-10': 'NaN', '10-20': 'NaN', '20-30': 'NaN'}","{'0-10': 'NaN', '10-20': 'NaN', '20-30': 'NaN'}",내가강만식
0,3,3,6,2,1,1,658,0,0,0,0,0,95522,15324,72361,7836,0,10615,1073,8688,853,6340,1,19564,9525,0,26,14,23585,5213,17747,624,8159,7800,1,0,15,94,61,8,325,13,11,0,18,5,0,0,0,0,0,0,0.2,0.9,NaN,296.5,516.2,NaN,213,381.70000000000005,NaN,-28.200000000000017,25.299999999999983,NaN,"{'0-10': 'NaN', '10-20': 'NaN', '20-30': 'NaN'}","{'0-10': 'NaN', '10-20': 'NaN', '20-30': 'NaN'}",DWG Canyon
0,2,4,2,0,1,0,678,0,0,0,0,0,84586,73987,4364,6235,0,8870,8786,84,0,3405,2,9255,1441,1441,13,14,17639,4881,11941,815,8047,7860,0,0,156,0,0,0,328,11,1,0,8,2,0,0,0,0,NaN,6.6,7.8,NaN,329,378.8,NaN,274.9,413.29999999999995,NaN,-6.200000000000017,-43.74999999999997,NaN,"{'0-10': 'NaN', '10-20': 'NaN', '20-30': 'NaN'}","{'0-10': 'NaN', '10-20': 'NaN', '20-30': 'NaN'}",KT Aming
1,11,2,6,6,2,2,720,1,0,0,0,0,141112,1875,135791,3445,683,28797,1040,27757,0,2955,2,8510,8902,8902,17,16,10401,4181,5803,416,12336,11550,3,0,188,6,0,6,142,13,2,0,8,1,0,0,1,0,0,0,7.4,10.4,NaN,383.6,600.5999999999999,NaN,408.20000000000005,681.9000000000001,NaN,"{'0-10': 'NaN', '10-20': 'NaN', '20-30': 'NaN'}","{'0-10': 'NaN', '10-20': 'NaN', '20-30': 'NaN'}","{'0-10': 'NaN', '10-20': 'NaN', '20-30': 'NaN'}",밀레니엄베이베
0,7,6,3,3,2,2,519,1,0,0,0,0,93478,10323,81470,1684,0,13706,3592,10029,84,1825,4,10079,2695,1252,26,16,13929,3847,9429,652,11045,10025,1,0,197,8,4,0,184,13,5,0,10,9,0,0,0,0,0,0,7.5,8,NaN,317.7,416.1,NaN,305.8,426.8,NaN,0.700000000000017,-13.050000000000011,NaN,"{'0-10': 'NaN', '10-20': 'NaN', '20-30': 'NaN'}","{'0-10': 'NaN', '10-20': 'NaN', '20-30': 'NaN'}",밀레니엄베이베
0,4,5,2,3,2,1,465,1,0,0,0,0,70161,0,67119,3042,0,10777,0,10585,192,4988,1,8693,7963,2388,12,12,16526,7436,8357,732,8305,8325,1,0,120,1,1,0,146,12,1,0,6,1,0,0,0,0,NaN,6.7,5.1,NaN,508.20000000000005,445.3,NaN,304.1,457.40000000000003,NaN,112.00000000000003,-140.8,NaN,"{'0-10': 'NaN', '10-20': 'NaN', '20-30': 'NaN'}","{'0-10': 'NaN', '10-20': 'NaN', '20-30': 'NaN'}",아무튼 기분탓임
0,17,5,6,6,2,4,956,1,0,0,0,0,127237,0,101747,25490,0,19129,0,14384,4745,12592,1,24781,1783,1476,38,24,32621,14793,15640,2187,18966,18250,0,0,168,12,12,0,207,18,1,0,13,11,0,0,0,0,0,0,5.5,5.6,2.8,393.1,447,502,303.7,532.9000000000001,515.6,-135.29999999999998,-259,158.3,"{'0-10': 'NaN', '10-20': 'NaN', '20-30': 'NaN'}","{'0-10': 'NaN', '10-20': 'NaN', '20-30': 'NaN'}",메도치
0,3,3,1,3,1,1,559,0,0,0,0,0,40458,0,34273,6185,0,7566,0,5370,2196,674,1,10666,0,0,5,14,14405,2034,10497,1873,6021,5470,0,0,114,0,0,0,71,11,0,0,4,0,0,0,0,0,NaN,7.9,NaN,470.4,NaN,282.9,NaN,-92.41999999999999,NaN,"{'0-10': 'NaN', '10-20': 'NaN', '20-30': 'NaN'}","{'0-10': 'NaN', '10-20': 'NaN', '20-30': 'NaN'}",슈퍼섹시브론즈
0,12,10,8,3,1,4,205,0,0,0,0,0,90597,2106,86311,2180,39,17153,597,14678,1876,3745,1,80848,8543,5570,3,26,36591,10207,24864,1519,18806,19200,2,0,102,3,3,0,361,17,0,0,2,0,0,0,0,0,0,0,4.6,NaN,435.1,NaN,846.5999999999999,NaN,-95.09999999999997,NaN,"{'0-10': 'NaN', '10-20': 'NaN', '20-30': 'NaN'}","{'0-10': 'NaN', '10-20': 'NaN', '20-30': 'NaN'}",154cm 87kg
1,3,1,6,3,1,1,1140,0,0,0,0,0,119511,2277,107773,9460,625,9714,863,8658,192,1001,2,5725,18405,7148,13,15,4867,1747,3119,0,10292,10200,2,0,177,20,9,2,146,12,2,0,9,3,0,0,0,1,NaN,7.4,9.399999999999999,NaN,344.1,424.70000000000005,NaN,328.2,547,NaN,8,-22.549999999999983,NaN,"{'0-10': 'NaN', '10-20': 'NaN', '20-30': 'NaN'}","{'0-10': 'NaN', '10-20': 'NaN', '20-30': 'NaN'}",FA Ghost
0,3,4,2,2,1,1,558,0,0,0,0,0,48220,42819,5152,247,0,6928,6150,529,247,1555,2,3557,717,154,19,10,9519,3063,6330,126,6878,5925,0,0,133,2,1,0,152,10,3,0,7,7,0,0,0,0,NaN,6.2,NaN,278,NaN,256.9,NaN,-60.02000000000001,NaN,"{'0-10': 'NaN', '10-20': 'NaN', '20-30': 'NaN'}","{'0-10': 'NaN', '10-20': 'NaN', '20-30': 'NaN'}",내가잘했네
0,0,0,0,0,0,0,0,0,0,0,0,0,0,0,0,0,0,0,0,0,0,0,0,0,0,0,0,0,0,0,0,0,666,500,0,0,0,0,0,0,4,1,0,0,0,0,0,0,NaN,"{'0-10': 'NaN', '10-20': 'NaN', '20-30': 'NaN'}","{'0-10': 'NaN', '10-20': 'NaN', '20-30': 'NaN'}","{'0-10': 'NaN', '10-20': 'NaN', '20-30': 'NaN'}","{'0-10': 'NaN', '10-20': 'NaN', '20-30': 'NaN'}","{'0-10': 'NaN', '10-20': 'NaN', '20-30': 'NaN'}","{'0-10': 'NaN', '10-20': 'NaN', '20-30': 'NaN'}",행운행운
1,3,4,10,2,1,1,704,0,0,0,0,0,147193,116405,23747,7040,31,12113,10463,1134,515,26553,1,22805,5852,2324,25,31,22415,6239,12236,3939,12105,11435,3,0,186,33,16,8,451,17,4,0,9,3,0,0,0,0,0,1,6.800000000000001,5.800000000000001,5.4,439.9,442.5,589.5999999999999,222.5,304.9,498.3,"{'0-10': 'NaN', '10-20': 'NaN', '20-30': 'NaN'}","{'0-10': 'NaN', '10-20': 'NaN', '20-30': 'NaN'}","{'0-10': 'NaN', '10-20': 'NaN', '20-30': 'NaN'}",어니우기 Youtube
0,0,5,1,0,0,0,857,0,0,0,0,0,117799,11167,102424,4208,0,13960,3758,9874,328,2459,2,6987,3619,775,19,1,16674,6403,9480,790,9397,9285,0,0,220,18,14,0,30,12,2,0,8,7,0,0,0,0,0,0,8.6,10.600000000000001,NaN,317.8,444.6,NaN,301.5,429.29999999999995,NaN,39.349999999999994,-40.44999999999999,NaN,"{'0-10': 'NaN', '10-20': 'NaN', '20-30': 'NaN'}","{'0-10': 'NaN', '10-20': 'NaN', '20-30': 'NaN'}",Gen G Ruler
1,9,2,10,6,1,2,813,0,0,0,0,0,181471,162698,18244,528,0,22723,22288,434,0,4146,4,10374,24588,8907,34,21,15045,3939,10786,319,15106,13910,1,1,213,17,8,8,281,18,3,0,14,5,0,0,0,0,0,1,7.8,7.5,4.7,413.7,589.3,546,274.4,524.5999999999999,408.7,-27.099999999999994,204.00000000000003,311.4,"{'0-10': 'NaN', '10-20': 'NaN', '20-30': 'NaN'}","{'0-10': 'NaN', '10-20': 'NaN', '20-30': 'NaN'}",합리적인
0,4,5,1,2,1,1,484,0,0,0,0,0,86322,1837,76848,7637,616,13442,564,12773,104,1320,3,7167,203,203,24,6,14184,4429,9731,24,8923,9000,0,0,177,0,0,0,147,12,5,0,13,7,0,0,0,0,0,0,6.6,8.5,NaN,295.79999999999995,428.2,NaN,234.39999999999998,442,NaN,-19.549999999999997,-13.650000000000006,NaN,"{'0-10': 'NaN', '10-20': 'NaN', '20-30': 'NaN'}","{'0-10': 'NaN', '10-20': 'NaN', '20-30': 'NaN'}",DRX BAO
0,2,7,3,0,1,0,681,0,0,0,0,0,119526,104336,12804,2385,0,20440,19878,561,0,1604,1,12508,1267,1267,21,27,16114,5489,10074,550,8374,8475,0,0,177,15,15,0,296,13,5,0,11,0,0,0,0,0,NaN,8.6,6.8,NaN,482.29999999999995,489.3,NaN,281.6,387.1,NaN,"{'0-10': 'NaN', '10-20': 'NaN', '20-30': 'NaN'}","{'0-10': 'NaN', '10-20': 'NaN', '20-30': 'NaN'}","{'0-10': 'NaN', '10-20': 'NaN', '20-30': 'NaN'}",hick billy
1,7,1,1,4,2,2,515,2,0,0,0,0,67133,1342,65790,0,429,11492,526,10965,0,1448,3,3668,4609,4609,15,10,3959,954,2787,216,8604,5750,1,0,148,0,0,0,55,10,2,0,7,4,1,0,1,0,NaN,8.5,NaN,324.4,NaN,430.9,NaN,24.619999999999976,NaN,"{'0-10': 'NaN', '10-20': 'NaN', '20-30': 'NaN'}","{'0-10': 'NaN', '10-20': 'NaN', '20-30': 'NaN'}",Gen G Ruler
0,4,4,4,2,1,1,444,0,0,0,0,0,124628,1559,120348,2720,764,13314,468,12846,0,0,0,15063,5451,409,21,4,19235,5514,11913,1807,9938,8650,0,0,197,19,19,0,57,13,2,0,9,5,0,0,0,0,0,0,6.3,9.600000000000001,NaN,279.4,458.79999999999995,NaN,340.5,367.20000000000005,NaN,22.34999999999998,-36.55000000000001,NaN,"{'0-10': 'NaN', '10-20': 'NaN', '20-30': 'NaN'}","{'0-10': 'NaN', '10-20': 'NaN', '20-30': 'NaN'}",FA Ghost
1,2,0,2,2,1,1,0,0,0,0,0,0,104176,3042,82554,18579,0,3438,0,2696,742,5408,1,6391,24952,610,18,4,10896,1610,8966,320,6454,5925,0,0,9,107,55,22,407,10,4,0,9,2,0,0,0,1,NaN,0.1,NaN,423.1,NaN,329.4,NaN,43.06000000000003,NaN,"{'0-10': 'NaN', '10-20': 'NaN', '20-30': 'NaN'}","{'0-10': 'NaN', '10-20': 'NaN', '20-30': 'NaN'}",Gen G Bonnie
1,5,4,6,2,1,1,1255,0,0,0,0,0,161909,6719,149171,6018,552,15790,1515,14274,0,1734,1,12530,12737,8935,35,2,16039,6758,9198,82,13064,12425,2,0,219,19,11,8,43,15,3,0,12,5,0,0,1,0,0,0,8.3,9.7,3.8000000000000003,496.2,523,394.6,390.1,442.4,413.2,51.99999999999997,79.79999999999995,-12.19999999999996,"{'0-10': 'NaN', '10-20': 'NaN', '20-30': 'NaN'}","{'0-10': 'NaN', '10-20': 'NaN', '20-30': 'NaN'}",T1 Canna
1,9,3,6,6,1,2,842,0,0,0,0,0,190134,19956,164185,5992,0,18043,5044,11695,1304,10248,1,23807,8908,5548,30,17,31689,10942,19349,1397,14939,14983,0,0,239,25,8,13,176,17,2,0,11,9,0,0,0,0,0,0,7.4,8.6,NaN,453.1,621.3,NaN,333.7,640.5,NaN,45.00000000000003,86.30000000000001,NaN,"{'0-10': 'NaN', '10-20': 'NaN', '20-30': 'NaN'}","{'0-10': 'NaN', '10-20': 'NaN', '20-30': 'NaN'}",야생을죽이기위해
1,4,1,6,3,1,1,788,0,0,0,0,0,54177,10289,40902,2985,0,8961,2114,6846,0,2408,1,5461,3862,3862,12,11,8875,3007,5788,80,6714,5683,1,0,106,0,0,0,100,11,0,0,5,3,0,0,1,0,NaN,7.5,NaN,479.5,NaN,345.20000000000005,NaN,65.33999999999997,NaN,"{'0-10': 'NaN', '10-20': 'NaN', '20-30': 'NaN'}","{'0-10': 'NaN', '10-20': 'NaN', '20-30': 'NaN'}",Why N0T
0,4,7,10,2,2,1,578,1,0,0,0,0,34183,0,34151,32,300,14757,0,14757,0,9753,5,8173,5330,3073,76,32,17363,6791,9076,1494,8765,8525,1,0,23,1,0,0,46,12,13,0,43,14,0,0,0,0,0,0,0.1,1.4,NaN,213.5,343.6,NaN,242.60000000000002,285.1,NaN,-46,-37.89999999999998,NaN,"{'0-10': 'NaN', '10-20': 'NaN', '20-30': 'NaN'}","{'0-10': 'NaN', '10-20': 'NaN', '20-30': 'NaN'}",실수쟁이
1,3,3,0,2,1,1,395,0,0,0,0,0,94044,0,89164,4880,472,5836,0,5836,0,6323,1,12420,5985,4046,7,1,16599,233,15987,378,7953,5850,1,0,133,4,0,1,7,12,0,0,5,0,1,0,0,0,NaN,5.4,NaN,359.5,NaN,264.2,NaN,-7.639999999999986,NaN,"{'0-10': 'NaN', '10-20': 'NaN', '20-30': 'NaN'}","{'0-10': 'NaN', '10-20': 'NaN', '20-30': 'NaN'}",한화 큐베
0,3,3,1,3,1,1,748,0,0,0,0,0,118455,1911,112669,3875,0,10871,971,9900,0,4236,1,10660,4643,3072,27,16,15515,2816,11416,1282,8830,7350,1,0,172,20,13,0,50,13,1,0,8,5,0,0,1,0,NaN,10,7.199999999999999,NaN,550.3,478,NaN,460.5,358.3,NaN,"{'0-10': 'NaN', '10-20': 'NaN', '20-30': 'NaN'}","{'0-10': 'NaN', '10-20': 'NaN', '20-30': 'NaN'}","{'0-10': 'NaN', '10-20': 'NaN', '20-30': 'NaN'}",망밍맹먕몽
0,1,0,0,0,1,0,0,0,0,0,0,0,3580,38,3431,110,0,1197,38,1049,110,248,1,316,0,0,0,5,875,411,463,0,1316,500,0,0,11,0,0,0,30,3,0,0,1,0,1,0,NaN,"{'0-10': 'NaN', '10-20': 'NaN', '20-30': 'NaN'}","{'0-10': 'NaN', '10-20': 'NaN', '20-30': 'NaN'}","{'0-10': 'NaN', '10-20': 'NaN', '20-30': 'NaN'}","{'0-10': 'NaN', '10-20': 'NaN', '20-30': 'NaN'}","{'0-10': 'NaN', '10-20': 'NaN', '20-30': 'NaN'}","{'0-10': 'NaN', '10-20': 'NaN', '20-30': 'NaN'}",쭌 베
1,2,2,5,2,1,1,678,0,0,0,0,0,58716,47908,10808,0,0,6282,5154,1127,0,4000,1,11521,2531,997,25,28,11545,2253,8765,526,7355,7600,0,0,106,0,0,0,228,13,2,0,7,6,0,0,0,0,NaN,4.1,5.4,NaN,383,372.1,NaN,207.2,314.5,NaN,-43.349999999999994,-64,NaN,"{'0-10': 'NaN', '10-20': 'NaN', '20-30': 'NaN'}","{'0-10': 'NaN', '10-20': 'NaN', '20-30': 'NaN'}",튀자튀자아
1,1,9,9,0,1,0,664,0,0,0,0,0,16293,9777,3783,2732,0,4990,3923,1067,0,3128,1,25953,1407,128,73,15,21384,7165,12123,2095,7969,7375,0,0,24,0,0,0,141,13,13,0,57,6,0,0,0,0,0,1,1.1,1,0.2,179.9,293.3,521.6,169.1,246.89999999999998,274.4,-112.95,-113.29999999999998,282.75,"{'0-10': 'NaN', '10-20': 'NaN', '20-30': 'NaN'}","{'0-10': 'NaN', '10-20': 'NaN', '20-30': 'NaN'}",SANDBOX JoKer
0,0,3,3,0,0,0,646,0,0,0,0,0,32008,10527,17000,4480,7,5507,2573,2933,0,284,1,9367,1079,1079,7,15,9357,2220,6744,393,4493,4050,0,0,91,0,0,0,141,10,0,0,4,1,0,0,0,0,NaN,5.8,NaN,439.8,NaN,203.8,NaN,-62.19999999999999,NaN,"{'0-10': 'NaN', '10-20': 'NaN', '20-30': 'NaN'}","{'0-10': 'NaN', '10-20': 'NaN', '20-30': 'NaN'}",srymybad320
0,5,5,1,2,1,2,854,0,0,0,0,0,138287,3297,131524,3466,0,15738,1837,13621,280,6403,1,19143,8707,7729,25,14,26151,10089,14679,1383,11747,11475,1,0,195,14,5,4,62,14,4,0,8,6,0,0,0,0,NaN,9.5,8.3,NaN,553.5,552.4,NaN,385.7,649,NaN,169.2,-42.700000000000045,NaN,"{'0-10': 'NaN', '10-20': 'NaN', '20-30': 'NaN'}","{'0-10': 'NaN', '10-20': 'NaN', '20-30': 'NaN'}",가루눈 OwO
0,2,4,1,0,1,0,459,0,0,0,0,0,81110,69,71050,9990,0,7279,69,6644,565,1467,1,9514,2512,1310,15,11,13517,3230,9978,308,7180,7233,0,0,132,8,1,0,36,12,2,0,8,1,0,0,0,0,NaN,6.4,6.2,NaN,422,455,NaN,279.5,349.9,NaN,-112.4,115.4,NaN,"{'0-10': 'NaN', '10-20': 'NaN', '20-30': 'NaN'}","{'0-10': 'NaN', '10-20': 'NaN', '20-30': 'NaN'}",RsF pi9
1,5,4,9,4,1,1,706,0,0,0,0,0,189235,11684,170460,7090,1425,17053,1018,15365,670,3113,1,21981,17787,4908,25,19,20807,3371,14972,2463,13208,10850,2,2,208,28,0,17,201,16,4,0,10,4,0,0,0,0,1,0,6.699999999999999,6.5,6.9,370.79999999999995,410.5,741.3,295.3,348.5,584.3,"{'0-10': 'NaN', '10-20': 'NaN', '20-30': 'NaN'}","{'0-10': 'NaN', '10-20': 'NaN', '20-30': 'NaN'}","{'0-10': 'NaN', '10-20': 'NaN', '20-30': 'NaN'}",Gen G Clid
0,1,6,5,0,1,0,321,0,0,0,0,0,35876,26622,2913,6340,0,8424,7966,49,408,1673,1,7380,700,588,34,17,12830,6124,6527,178,5751,5500,0,0,47,0,0,0,199,10,12,0,28,6,0,0,0,0,0,0,1.7999999999999998,2.3,NaN,318.3,314.1,NaN,183,276.6,NaN,42.45000000000003,-159.85000000000002,NaN,"{'0-10': 'NaN', '10-20': 'NaN', '20-30': 'NaN'}","{'0-10': 'NaN', '10-20': 'NaN', '20-30': 'NaN'}",Nalow
0,2,5,1,0,1,0,547,0,0,0,0,0,67046,30923,33026,3095,0,6641,4163,1877,600,0,0,20347,2120,1870,18,17,14866,2366,12322,176,6849,7030,0,0,130,0,0,0,296,12,5,0,7,4,0,0,0,0,NaN,5.199999999999999,7.699999999999999,NaN,426.9,479.2,NaN,215.10000000000002,321.3,NaN,-49.69999999999999,-177.2,NaN,"{'0-10': 'NaN', '10-20': 'NaN', '20-30': 'NaN'}","{'0-10': 'NaN', '10-20': 'NaN', '20-30': 'NaN'}",배려 양보 규칙
0,4,6,4,2,2,1,665,1,0,0,0,0,199717,6175,185411,8131,548,23221,1537,21240,444,2270,1,16308,11113,8570,45,5,21169,11091,9285,792,13938,17875,2,0,256,19,7,8,98,16,5,0,15,15,0,0,0,1,NaN,8.2,9.3,7.8,489.9,515.6,503.20000000000005,330.2,503.4,490.70000000000005,118,92.4,34.50000000000003,"{'0-10': 'NaN', '10-20': 'NaN', '20-30': 'NaN'}","{'0-10': 'NaN', '10-20': 'NaN', '20-30': 'NaN'}",KT SoHwan
1,9,5,6,5,3,2,696,1,1,0,0,0,177505,1309,171699,4496,821,21431,671,20234,526,1492,3,10771,24033,8818,41,16,11961,5834,5780,345,13865,12725,3,0,234,12,8,4,135,14,5,0,14,15,0,0,0,0,0,1,6.6,10.3,NaN,320.70000000000005,527.7,NaN,331.6,549.3,NaN,-2.249999999999986,77.5,NaN,"{'0-10': 'NaN', '10-20': 'NaN', '20-30': 'NaN'}","{'0-10': 'NaN', '10-20': 'NaN', '20-30': 'NaN'}",Gen G Ruler
0,3,6,8,3,1,1,722,0,0,0,0,0,110024,56821,10326,42875,0,18513,10802,1657,6053,4249,1,8142,4640,960,29,44,18461,4526,12951,983,9543,9290,0,0,174,0,0,0,238,14,4,0,14,7,0,0,0,0,0,0,6.1,5.699999999999999,NaN,450.5,400.8,NaN,275.9,349.5,NaN,65.40000000000003,-264.4,NaN,"{'0-10': 'NaN', '10-20': 'NaN', '20-30': 'NaN'}","{'0-10': 'NaN', '10-20': 'NaN', '20-30': 'NaN'}",니 노
1,10,2,12,5,2,3,733,1,0,0,0,0,113652,74169,26816,12666,0,14557,11446,1577,1534,5330,1,5275,33304,2785,14,19,12389,3274,8928,186,10317,9625,2,0,24,89,47,9,116,12,1,0,4,1,0,0,1,0,NaN,0.4,NaN,409.7,NaN,329.8,NaN,14.719999999999999,NaN,"{'0-10': 'NaN', '10-20': 'NaN', '20-30': 'NaN'}","{'0-10': 'NaN', '10-20': 'NaN', '20-30': 'NaN'}",GIDE0N
0,1,8,5,0,1,0,685,0,0,0,0,0,95323,45431,48642,1249,0,16026,9033,5744,1249,1637,1,39627,419,419,32,42,27558,4303,21792,1463,8771,8275,0,0,145,0,0,0,548,14,5,0,15,5,0,0,0,0,0,0,4.6,5.8,2.7,365.9,410.6,321.1,217.1,246.29999999999998,277.4,"{'0-10': 'NaN', '10-20': 'NaN', '20-30': 'NaN'}","{'0-10': 'NaN', '10-20': 'NaN', '20-30': 'NaN'}","{'0-10': 'NaN', '10-20': 'NaN', '20-30': 'NaN'}",1145
1,6,3,12,4,2,2,298,1,0,0,0,0,215858,162831,30083,22944,0,14932,11803,1626,1502,41655,5,38749,17545,489,63,38,36740,7147,27293,2299,14003,12875,1,0,64,166,111,6,687,16,5,0,5,18,0,0,0,0,NaN,0.9,1.7999999999999998,2.5,336.1,575,561.2,412.8,460.8,379.20000000000005,45.5,160.8,215.9,"{'0-10': 'NaN', '10-20': 'NaN', '20-30': 'NaN'}","{'0-10': 'NaN', '10-20': 'NaN', '20-30': 'NaN'}",불질러
1,2,8,14,2,2,1,803,1,0,0,0,0,241831,2724,233262,5845,1012,20109,641,18976,491,1813,3,12867,8879,8556,49,23,17323,4953,11664,705,15677,12725,4,0,295,27,23,4,71,17,5,0,13,14,0,0,0,0,0,1,6.6,10.6,6.6,252.7,546,444,260.7,444.1,392.4,"{'0-10': 'NaN', '10-20': 'NaN', '20-30': 'NaN'}","{'0-10': 'NaN', '10-20': 'NaN', '20-30': 'NaN'}","{'0-10': 'NaN', '10-20': 'NaN', '20-30': 'NaN'}",Gen G Ruler
1,0,1,3,0,0,0,588,0,0,0,0,0,16830,8447,4795,3587,0,4015,2812,1203,0,2311,3,3233,247,247,21,9,5171,3298,1727,144,3606,3150,0,0,24,0,0,0,116,8,4,0,11,4,0,0,0,0,NaN,1.4,NaN,265.9,NaN,180.7,NaN,28.960000000000036,NaN,"{'0-10': 'NaN', '10-20': 'NaN', '20-30': 'NaN'}","{'0-10': 'NaN', '10-20': 'NaN', '20-30': 'NaN'}",Garand
1,8,3,10,4,1,2,664,0,0,0,0,0,71943,3692,62949,5301,0,16981,1219,15293,468,1476,1,5582,413,413,27,26,11106,2925,7872,309,9309,8900,1,0,119,7,0,0,96,12,3,0,6,6,0,0,0,0,NaN,6.3,4.800000000000001,NaN,422.5,390.7,NaN,293.7,468.7,NaN,-9.300000000000011,-71.10000000000002,NaN,"{'0-10': 'NaN', '10-20': 'NaN', '20-30': 'NaN'}","{'0-10': 'NaN', '10-20': 'NaN', '20-30': 'NaN'}",만심천하가능인
0,2,5,1,2,1,1,267,0,0,0,0,0,36628,30525,4769,1334,0,5503,4678,630,194,1191,3,2572,2468,601,6,8,7099,1657,5295,146,5105,4500,0,0,90,0,0,0,201,8,2,0,4,1,0,0,0,0,NaN,6,NaN,251.6,NaN,228.2,NaN,-31.779999999999973,NaN,"{'0-10': 'NaN', '10-20': 'NaN', '20-30': 'NaN'}","{'0-10': 'NaN', '10-20': 'NaN', '20-30': 'NaN'}",FA Dalka
0,1,6,3,0,1,0,411,0,0,0,0,0,80613,72732,7881,0,0,7375,7113,262,0,786,1,8898,494,156,24,6,12449,5494,6634,320,6799,6760,0,0,150,4,4,0,101,12,5,0,11,5,0,0,0,0,NaN,7.2,6.199999999999999,NaN,433.9,488,NaN,249.8,322.79999999999995,NaN,-25,161.89999999999998,NaN,"{'0-10': 'NaN', '10-20': 'NaN', '20-30': 'NaN'}","{'0-10': 'NaN', '10-20': 'NaN', '20-30': 'NaN'}",1145
0,3,9,8,2,1,1,393,0,0,0,0,0,135253,108534,13760,12958,0,24866,22841,1116,908,2051,1,21785,1606,0,25,17,25742,9102,14095,2544,10167,10440,0,0,201,4,1,0,326,14,4,0,10,8,0,0,0,0,0,0,8.2,7.1,NaN,459.4,480.8,NaN,276.6,411.6,NaN,-5.899999999999977,-88.60000000000002,NaN,"{'0-10': 'NaN', '10-20': 'NaN', '20-30': 'NaN'}","{'0-10': 'NaN', '10-20': 'NaN', '20-30': 'NaN'}",T1 Gumayusi
1,14,4,8,6,2,3,668,3,0,0,0,0,182606,4559,176167,1879,664,36018,1774,32365,1879,3664,1,9842,12236,5202,34,5,22140,9882,11731,526,16397,14600,2,0,240,6,1,3,33,17,6,0,16,5,0,0,1,0,0,1,9.8,7.4,5.800000000000001,482.29999999999995,528.7,526.1,318,536.6,547.8,22.899999999999977,107.19999999999996,45,"{'0-10': 'NaN', '10-20': 'NaN', '20-30': 'NaN'}","{'0-10': 'NaN', '10-20': 'NaN', '20-30': 'NaN'}",Goldguns
0,3,11,5,0,1,0,254,0,0,0,0,0,74754,1514,73239,0,603,17617,578,17039,0,2397,2,6412,888,888,16,17,16556,7164,8657,733,9307,9200,0,0,128,4,0,0,111,10,0,0,8,4,0,0,0,0,0,0,5.1,4.8,NaN,262.5,273.5,NaN,286.5,394.9,NaN,"{'0-10': 'NaN', '10-20': 'NaN', '20-30': 'NaN'}","{'0-10': 'NaN', '10-20': 'NaN', '20-30': 'NaN'}","{'0-10': 'NaN', '10-20': 'NaN', '20-30': 'NaN'}",FA Dalka
0,0,2,2,0,0,0,354,0,0,0,0,0,84623,3219,65550,15854,0,3902,0,2552,1349,6580,1,5669,13575,0,18,6,11699,3677,7854,168,5020,3300,0,0,21,89,59,9,300,9,3,0,5,3,0,0,0,0,NaN,0.7999999999999999,NaN,336.7,NaN,270.7,NaN,-27.32000000000002,NaN,"{'0-10': 'NaN', '10-20': 'NaN', '20-30': 'NaN'}","{'0-10': 'NaN', '10-20': 'NaN', '20-30': 'NaN'}",SANDBOX OnFleek
1,2,1,1,2,1,1,536,0,0,0,0,0,91111,3497,75402,12212,0,2746,69,2029,646,5301,1,6054,11757,0,26,2,11327,3092,8071,164,6217,6150,0,0,13,105,64,12,343,10,5,0,4,6,0,0,0,0,NaN,0.1,NaN,300.4,NaN,238,NaN,10.579999999999984,NaN,"{'0-10': 'NaN', '10-20': 'NaN', '20-30': 'NaN'}","{'0-10': 'NaN', '10-20': 'NaN', '20-30': 'NaN'}",T1 Ellim
0,17,7,8,5,3,5,742,2,1,0,0,0,336823,5937,322030,8855,1240,46122,1851,42561,1709,4757,4,31807,27166,7737,43,17,21238,1051,19676,510,22045,21225,0,0,326,28,16,0,267,18,3,0,13,16,0,0,0,0,0,1,7.4,9.5,10,381.6,474.8,653,356.7,554.5999999999999,630.2,"{'0-10': 'NaN', '10-20': 'NaN', '20-30': 'NaN'}","{'0-10': 'NaN', '10-20': 'NaN', '20-30': 'NaN'}","{'0-10': 'NaN', '10-20': 'NaN', '20-30': 'NaN'}",나무아래 고양이
1,10,5,7,5,1,3,705,0,0,0,0,0,192740,4594,187070,1076,0,24470,1754,21640,1076,11934,1,29611,22472,12530,37,19,34805,12213,22072,519,16287,13200,5,0,229,18,1,1,38,17,3,0,5,9,0,0,1,0,0,1,8.3,7.5,5.300000000000001,573.2,532,380.70000000000005,391.29999999999995,566.1,319.1,"{'0-10': 'NaN', '10-20': 'NaN', '20-30': 'NaN'}","{'0-10': 'NaN', '10-20': 'NaN', '20-30': 'NaN'}","{'0-10': 'NaN', '10-20': 'NaN', '20-30': 'NaN'}",믄똥왁왁
1,10,2,4,6,2,3,698,1,0,0,0,0,82766,52932,21625,8208,0,7853,6656,701,494,3842,1,4081,19593,748,29,8,10526,3623,6522,380,8396,6975,1,0,20,80,40,20,93,11,3,0,9,6,0,0,0,0,0,1,1,NaN,380.5,NaN,408,NaN,82.97999999999999,NaN,"{'0-10': 'NaN', '10-20': 'NaN', '20-30': 'NaN'}","{'0-10': 'NaN', '10-20': 'NaN', '20-30': 'NaN'}",DRX BigShot
1,14,2,4,10,3,2,1275,2,1,0,0,0,241502,199258,26405,15838,0,28558,23446,1384,3728,16989,1,11801,59117,2578,36,22,27920,8619,16094,3207,15781,14025,2,1,42,181,80,32,773,17,8,0,14,6,0,0,0,0,0,0,0.8999999999999999,1.4,1.7000000000000002,435.4,590.8,556.4,387.29999999999995,595.7,413.9,158.09999999999997,361.20000000000005,48.39999999999998,"{'0-10': 'NaN', '10-20': 'NaN', '20-30': 'NaN'}","{'0-10': 'NaN', '10-20': 'NaN', '20-30': 'NaN'}",DWG Canyon
0,0,7,2,0,0,0,426,0,0,0,0,0,93809,1115,84028,8665,435,5289,180,5108,0,1391,3,7033,5216,5216,19,2,10060,2053,7711,296,7993,7750,2,0,187,8,4,4,73,12,2,0,8,5,0,0,0,0,0,0,9.1,7,NaN,325.1,359.6,NaN,283.6,312,NaN,"{'0-10': 'NaN', '10-20': 'NaN', '20-30': 'NaN'}","{'0-10': 'NaN', '10-20': 'NaN', '20-30': 'NaN'}","{'0-10': 'NaN', '10-20': 'NaN', '20-30': 'NaN'}",Gen G Ruler
0,6,8,12,2,1,2,389,0,0,0,0,0,106624,63279,41864,1480,0,24371,15383,8987,0,3967,1,41638,2851,552,35,43,31385,8693,20865,1826,10638,10275,0,0,164,5,2,0,385,14,7,0,15,3,1,0,0,0,0,0,8.3,5.5,NaN,480,467.6,NaN,372.8,416.70000000000005,NaN,97.49999999999997,56.30000000000001,NaN,"{'0-10': 'NaN', '10-20': 'NaN', '20-30': 'NaN'}","{'0-10': 'NaN', '10-20': 'NaN', '20-30': 'NaN'}",CheonG0
1,5,3,12,3,1,2,961,0,0,0,0,0,9343,6247,2447,649,0,7561,4888,2024,649,4460,5,4351,871,871,58,18,11650,6798,4750,100,7462,5300,0,0,9,0,0,0,82,11,6,0,35,9,0,0,0,0,NaN,0.1,0.4,NaN,212.2,372.2,NaN,220.7,300.3,NaN,-5.699999999999989,92.95000000000002,NaN,"{'0-10': 'NaN', '10-20': 'NaN', '20-30': 'NaN'}","{'0-10': 'NaN', '10-20': 'NaN', '20-30': 'NaN'}",리그오브래전드ll
1,2,0,2,2,1,1,0,0,0,0,0,0,88479,73923,10290,4265,0,9053,8734,318,0,1297,1,5651,5103,1032,12,8,5859,2559,3234,66,6918,6075,0,0,131,8,5,0,117,13,5,0,9,0,0,0,0,0,NaN,6,7.1,NaN,417.29999999999995,581,NaN,245.2,392.20000000000005,NaN,"{'0-10': 'NaN', '10-20': 'NaN', '20-30': 'NaN'}","{'0-10': 'NaN', '10-20': 'NaN', '20-30': 'NaN'}","{'0-10': 'NaN', '10-20': 'NaN', '20-30': 'NaN'}",사스갓지지
1,9,9,16,3,2,2,422,2,0,0,0,0,243273,9712,217936,15624,703,39400,3761,29719,5920,5589,4,19695,17816,5967,60,22,31378,7388,23328,662,18810,17175,1,1,263,24,20,0,405,18,7,0,14,20,0,0,0,1,0,0,5.6,7.9,6.6,316.6,429.1,450.70000000000005,349.7,381,439.7,"{'0-10': 'NaN', '10-20': 'NaN', '20-30': 'NaN'}","{'0-10': 'NaN', '10-20': 'NaN', '20-30': 'NaN'}","{'0-10': 'NaN', '10-20': 'NaN', '20-30': 'NaN'}",wzsxadwqcc
0,0,3,3,0,0,0,655,0,0,0,0,0,16601,0,16601,0,233,5497,0,5497,0,3719,4,4141,410,282,38,20,8076,1732,6172,170,4722,4125,0,0,23,0,0,0,70,9,8,0,19,9,0,0,0,0,NaN,0.8999999999999999,1.2000000000000002,NaN,232.5,307.6,NaN,173.1,220.3,NaN,-87.85,-96.89999999999998,NaN,"{'0-10': 'NaN', '10-20': 'NaN', '20-30': 'NaN'}","{'0-10': 'NaN', '10-20': 'NaN', '20-30': 'NaN'}",김성수방귀
1,3,2,11,2,1,1,978,0,0,0,0,0,120761,21972,87486,11302,0,10414,1238,8750,426,7089,1,18724,29183,2324,24,18,20078,4493,15281,304,8556,7400,2,0,13,113,59,22,470,12,3,0,7,4,0,0,1,0,0,0,0.5,0.8,NaN,331.6,498.1,NaN,305.3,399.1,NaN,45.400000000000006,76.4,NaN,"{'0-10': 'NaN', '10-20': 'NaN', '20-30': 'NaN'}","{'0-10': 'NaN', '10-20': 'NaN', '20-30': 'NaN'}",xbvc
1,1,2,7,0,1,0,567,0,0,0,0,0,42119,28080,9158,4880,0,4917,3610,1306,0,5258,5,4365,2450,2450,16,22,5269,78,5053,138,4996,3900,0,0,88,0,0,0,224,11,2,0,7,1,0,0,0,0,NaN,6.6,NaN,478.5,NaN,245.3,NaN,41.579999999999984,NaN,"{'0-10': 'NaN', '10-20': 'NaN', '20-30': 'NaN'}","{'0-10': 'NaN', '10-20': 'NaN', '20-30': 'NaN'}",KT Malrang
0,1,8,2,0,1,0,343,0,0,0,0,0,111030,1546,104093,5391,469,12587,157,12429,0,1724,2,9818,3036,869,41,2,13473,8860,4029,583,9787,8250,0,0,219,8,4,0,69,12,4,0,13,12,0,0,0,0,0,0,7.199999999999999,9.1,NaN,316.29999999999995,396,NaN,282.1,412.3,NaN,-54.599999999999994,-54.75,NaN,"{'0-10': 'NaN', '10-20': 'NaN', '20-30': 'NaN'}","{'0-10': 'NaN', '10-20': 'NaN', '20-30': 'NaN'}",Gen G Ruler
0,1,3,1,0,1,0,653,0,0,0,0,0,67361,54780,12001,580,0,9135,7229,1326,580,2111,1,13587,304,304,6,3,11747,1045,10547,154,6156,5400,0,0,144,0,0,0,22,12,0,0,5,0,0,0,0,0,NaN,8.2,NaN,491.5,NaN,265.29999999999995,NaN,5.839999999999975,NaN,"{'0-10': 'NaN', '10-20': 'NaN', '20-30': 'NaN'}","{'0-10': 'NaN', '10-20': 'NaN', '20-30': 'NaN'}",real gankster
1,6,3,7,2,1,2,824,0,0,0,0,0,203780,178401,17403,7975,0,18608,17493,1114,0,2595,1,13341,10713,6409,42,21,13411,6007,6402,1001,14521,14305,3,0,255,24,24,0,348,17,5,0,13,9,0,0,0,1,0,0,8.4,9.8,7.300000000000001,476.7,533.9000000000001,693.4,329.6,471.7,539.2,49.19999999999999,60.00000000000006,232.29999999999998,"{'0-10': 'NaN', '10-20': 'NaN', '20-30': 'NaN'}","{'0-10': 'NaN', '10-20': 'NaN', '20-30': 'NaN'}",사랑해 허수
0,5,4,1,2,2,2,464,1,0,0,0,0,84960,11223,70351,3386,364,9308,893,7868,546,1440,1,9139,636,459,13,14,12009,5619,5681,708,8394,8400,0,0,147,8,8,0,76,12,2,0,6,3,0,0,0,0,0,0,8,5.7,NaN,439,397.9,NaN,306.7,433.9,NaN,-10.400000000000006,-111.30000000000001,NaN,"{'0-10': 'NaN', '10-20': 'NaN', '20-30': 'NaN'}","{'0-10': 'NaN', '10-20': 'NaN', '20-30': 'NaN'}",03190319
1,7,4,9,7,2,1,570,3,0,0,0,0,87850,77508,8055,2285,0,19055,17734,706,613,3950,3,5043,5195,1914,20,19,12004,2072,9390,542,8878,8325,1,1,129,0,0,0,403,12,5,0,12,2,0,0,0,0,1,0,6.1,5.300000000000001,NaN,314.4,466.5,NaN,219.7,461.29999999999995,NaN,49.750000000000014,74.50000000000006,NaN,"{'0-10': 'NaN', '10-20': 'NaN', '20-30': 'NaN'}","{'0-10': 'NaN', '10-20': 'NaN', '20-30': 'NaN'}",fine weather
1,8,8,16,6,3,1,483,1,1,0,0,0,178486,39996,111658,26831,0,19327,3191,15344,791,8691,1,34416,9061,1068,27,17,36713,11965,24049,698,13261,12925,1,0,50,98,76,2,556,15,12,0,19,2,0,0,0,0,0,0,0.8999999999999999,1.1,2.4000000000000004,391.6,324.7,472.8,405.3,356.3,371.6,"{'0-10': 'NaN', '10-20': 'NaN', '20-30': 'NaN'}","{'0-10': 'NaN', '10-20': 'NaN', '20-30': 'NaN'}","{'0-10': 'NaN', '10-20': 'NaN', '20-30': 'NaN'}",T1 Cuzz
1,2,6,17,0,1,0,354,0,0,0,0,0,23510,11075,7235,5199,0,6586,5013,877,696,1373,1,14235,3306,2295,63,28,15683,7571,7611,500,8022,6925,1,0,40,0,0,0,131,13,7,0,21,16,0,0,0,1,0,0,1,2.6,NaN,192.39999999999998,476.3,NaN,146.89999999999998,321.7,NaN,"{'0-10': 'NaN', '10-20': 'NaN', '20-30': 'NaN'}","{'0-10': 'NaN', '10-20': 'NaN', '20-30': 'NaN'}","{'0-10': 'NaN', '10-20': 'NaN', '20-30': 'NaN'}",리그오브래전드ll
1,0,0,0,0,0,0,0,0,0,0,0,0,2481,762,1376,342,0,0,0,0,0,0,0,33,731,731,1,0,89,0,89,0,859,500,0,0,4,0,0,0,7,2,0,0,1,0,0,0,NaN,"{'0-10': 'NaN', '10-20': 'NaN', '20-30': 'NaN'}","{'0-10': 'NaN', '10-20': 'NaN', '20-30': 'NaN'}","{'0-10': 'NaN', '10-20': 'NaN', '20-30': 'NaN'}","{'0-10': 'NaN', '10-20': 'NaN', '20-30': 'NaN'}","{'0-10': 'NaN', '10-20': 'NaN', '20-30': 'NaN'}","{'0-10': 'NaN', '10-20': 'NaN', '20-30': 'NaN'}",리그오브래전드ll
0,5,11,9,2,1,1,332,0,0,0,0,0,145704,124107,17720,3876,0,19137,15793,1524,1818,6998,1,10657,4927,0,36,18,25120,5616,18508,994,10048,9025,0,0,17,131,107,3,526,13,7,0,17,8,0,0,0,0,0,0,0.30000000000000004,1.2999999999999998,NaN,274.6,552.8,NaN,264.5,495.29999999999995,NaN,-131.10000000000002,192.3,NaN,"{'0-10': 'NaN', '10-20': 'NaN', '20-30': 'NaN'}","{'0-10': 'NaN', '10-20': 'NaN', '20-30': 'NaN'}",T1 Cuzz
0,4,6,1,3,1,1,493,0,0,0,0,0,131296,0,130433,863,557,17162,0,16846,315,6096,1,18559,3339,1774,17,10,26584,6280,19709,594,9779,10100,0,0,187,12,8,4,77,14,0,0,6,4,0,0,0,0,0,0,7.1,9.600000000000001,NaN,404.1,537.1,NaN,250.89999999999998,376.8,NaN,-51.30000000000001,-86.4,NaN,"{'0-10': 'NaN', '10-20': 'NaN', '20-30': 'NaN'}","{'0-10': 'NaN', '10-20': 'NaN', '20-30': 'NaN'}",Naehyun
0,1,7,1,0,1,0,267,0,0,0,0,0,68106,45331,18707,4068,0,5273,3811,1033,428,6472,1,8877,2008,0,20,5,18408,6746,11220,441,5130,4935,0,0,23,68,59,0,150,10,10,0,11,3,0,0,0,0,NaN,0.7,NaN,347.4,NaN,254.4,NaN,-18.220000000000027,NaN,"{'0-10': 'NaN', '10-20': 'NaN', '20-30': 'NaN'}","{'0-10': 'NaN', '10-20': 'NaN', '20-30': 'NaN'}",APK Flawless
0,3,7,4,2,1,1,427,0,0,0,0,0,125211,11556,104235,9420,0,19643,6050,13209,384,147,1,11718,337,337,24,2,23307,4520,18145,641,10377,9983,0,0,216,0,0,0,45,12,4,0,11,8,0,0,0,0,0,0,8.399999999999999,9.2,NaN,304.1,412.79999999999995,NaN,276.9,360.4,NaN,0.7499999999999574,-106.65,NaN,"{'0-10': 'NaN', '10-20': 'NaN', '20-30': 'NaN'}","{'0-10': 'NaN', '10-20': 'NaN', '20-30': 'NaN'}",Gen G Ruler
1,4,0,3,4,2,1,0,1,0,0,0,0,69908,745,67683,1480,428,13808,638,13170,0,2333,2,3249,3315,3315,10,19,7591,3990,3513,88,6935,6850,0,0,134,0,0,0,147,10,2,0,6,2,0,0,0,0,NaN,7.8999999999999995,NaN,325.29999999999995,NaN,342.2,NaN,39.059999999999974,NaN,"{'0-10': 'NaN', '10-20': 'NaN', '20-30': 'NaN'}","{'0-10': 'NaN', '10-20': 'NaN', '20-30': 'NaN'}",못먹겟어삼각김밥
1,7,1,4,7,3,1,194,2,1,0,0,0,107368,223,76623,30521,0,14557,223,8270,6064,260,1,17315,6099,5318,24,26,16585,5695,10746,144,10000,8825,2,0,148,11,3,4,180,14,5,0,10,2,0,0,0,0,NaN,7.300000000000001,7.5,NaN,479,596.7,NaN,299.2,504.6,NaN,21.900000000000006,102.6,NaN,"{'0-10': 'NaN', '10-20': 'NaN', '20-30': 'NaN'}","{'0-10': 'NaN', '10-20': 'NaN', '20-30': 'NaN'}",HLE Migung
1,5,1,8,5,2,1,398,2,0,0,0,0,57880,0,51645,6235,0,10332,0,10332,0,4821,1,5205,2646,2646,13,16,10885,4228,6373,283,7532,5025,0,0,102,0,0,0,141,11,3,0,8,2,0,0,0,0,NaN,6.1,NaN,374.1,NaN,245.3,NaN,61.89999999999996,NaN,"{'0-10': 'NaN', '10-20': 'NaN', '20-30': 'NaN'}","{'0-10': 'NaN', '10-20': 'NaN', '20-30': 'NaN'}",Why N0T
1,8,2,4,8,1,1,910,0,0,0,0,0,91942,1130,85719,5093,530,14182,719,12585,878,354,2,3896,7920,7920,11,7,5008,1468,3483,56,9730,9750,1,0,158,8,0,8,95,11,2,0,5,1,0,0,0,0,0,0,9.3,NaN,373.9,NaN,436,NaN,65.03999999999999,NaN,"{'0-10': 'NaN', '10-20': 'NaN', '20-30': 'NaN'}","{'0-10': 'NaN', '10-20': 'NaN', '20-30': 'NaN'}",Gen G Ruler
1,5,0,5,5,2,1,0,1,0,0,0,0,126995,18373,95390,13232,0,4095,613,3307,174,8618,1,19477,29999,505,18,3,20178,1980,18116,82,8935,7250,1,0,3,126,70,14,352,12,5,0,5,1,1,0,0,1,NaN,0,0.2,NaN,257.4,453.79999999999995,NaN,270.8,430.5,NaN,"{'0-10': 'NaN', '10-20': 'NaN', '20-30': 'NaN'}","{'0-10': 'NaN', '10-20': 'NaN', '20-30': 'NaN'}","{'0-10': 'NaN', '10-20': 'NaN', '20-30': 'NaN'}",초보원딜러
0,2,3,0,0,1,0,502,0,0,0,0,0,49711,2294,44497,2920,0,8640,975,7479,186,1720,1,4882,0,0,17,15,9375,2911,6218,246,5075,4950,0,0,101,0,0,0,107,10,2,0,3,7,0,0,0,0,NaN,5.6,NaN,454.6,NaN,270.70000000000005,NaN,2.2799999999999727,NaN,"{'0-10': 'NaN', '10-20': 'NaN', '20-30': 'NaN'}","{'0-10': 'NaN', '10-20': 'NaN', '20-30': 'NaN'}",DWG ShowMaker
0,8,7,7,4,1,2,1106,0,0,0,0,0,146628,132105,14522,0,0,27235,25193,2041,0,995,1,15523,4170,1488,15,24,21831,11255,9920,655,13136,12810,0,0,198,18,18,0,255,16,3,0,6,3,0,0,0,0,0,0,8.2,7.6,3,483,565.4000000000001,369.2,276.2,469.9,378.7,-0.799999999999983,120.80000000000004,-162.8,"{'0-10': 'NaN', '10-20': 'NaN', '20-30': 'NaN'}","{'0-10': 'NaN', '10-20': 'NaN', '20-30': 'NaN'}",튀자튀자아
1,8,4,10,7,1,1,1085,0,0,0,0,0,244590,10639,226456,7494,0,36569,957,33613,1998,2436,1,13204,8107,2439,28,11,22327,6639,11775,3912,15685,14650,1,0,250,19,12,1,196,18,4,0,19,5,0,0,0,0,0,0,7.8999999999999995,6.8,4.3,520.0999999999999,409.7,435.9,321.1,396.79999999999995,298.1,87.89999999999998,-215.10000000000002,37.29999999999998,"{'0-10': 'NaN', '10-20': 'NaN', '20-30': 'NaN'}","{'0-10': 'NaN', '10-20': 'NaN', '20-30': 'NaN'}",Hanayuki
1,3,1,2,2,2,1,896,1,0,0,0,0,42555,26301,15747,506,0,6146,4052,1895,198,1538,1,4031,626,358,12,3,8500,2811,5481,207,6311,5675,1,0,114,4,0,4,58,11,4,0,8,0,0,0,1,0,NaN,7.699999999999999,NaN,453.2,NaN,303.79999999999995,NaN,51.38000000000005,NaN,"{'0-10': 'NaN', '10-20': 'NaN', '20-30': 'NaN'}","{'0-10': 'NaN', '10-20': 'NaN', '20-30': 'NaN'}",T1 Wooje
1,4,6,9,2,1,2,659,0,0,0,0,0,160715,112771,38779,9164,0,19126,16562,863,1700,9714,1,13274,28719,4313,35,18,29758,12962,16288,507,11541,9275,1,1,19,149,98,11,141,15,11,0,11,1,0,0,0,0,1,0,0,0.5,0.2,307.4,433.4,447.8,245,384,319.70000000000005,24.600000000000023,25.599999999999966,162.70000000000002,"{'0-10': 'NaN', '10-20': 'NaN', '20-30': 'NaN'}","{'0-10': 'NaN', '10-20': 'NaN', '20-30': 'NaN'}",Runaway Crush
1,4,2,8,4,1,1,1048,0,0,0,0,0,137683,99283,28564,9836,0,5209,4237,267,704,10364,1,10330,23279,355,38,6,18037,4775,12855,406,8339,6850,0,0,6,132,71,22,359,13,8,0,15,3,0,0,0,1,0,1,0.1,0.4,NaN,338,520.6,NaN,304.9,378.5,NaN,-54.900000000000006,165.99999999999997,NaN,"{'0-10': 'NaN', '10-20': 'NaN', '20-30': 'NaN'}","{'0-10': 'NaN', '10-20': 'NaN', '20-30': 'NaN'}",아라가키 유이
0,9,12,4,3,1,2,552,0,0,0,0,0,182369,167326,7883,7160,0,28673,28313,360,0,12603,1,29773,7567,1400,32,28,49735,24408,23000,2326,14597,14650,2,0,180,29,13,9,421,17,4,0,14,2,0,0,0,0,0,0,5.9,6,4.3,489.6,580.7,505.79999999999995,312.6,471,482.79999999999995,"{'0-10': 'NaN', '10-20': 'NaN', '20-30': 'NaN'}","{'0-10': 'NaN', '10-20': 'NaN', '20-30': 'NaN'}","{'0-10': 'NaN', '10-20': 'NaN', '20-30': 'NaN'}",Gen G Rascal
1,9,7,13,4,3,2,426,2,2,0,0,0,199215,23560,169943,5711,0,20919,5175,15390,353,4305,4,15109,25626,2428,20,23,22910,6914,14877,1118,17045,14975,2,1,205,46,37,0,346,17,5,0,11,3,0,0,0,0,0,0,5.300000000000001,6.7,7.1,264.8,461.9,671.8,263.9,519.6,600.8,-49.45,33.400000000000006,-63.10000000000002,"{'0-10': 'NaN', '10-20': 'NaN', '20-30': 'NaN'}","{'0-10': 'NaN', '10-20': 'NaN', '20-30': 'NaN'}",밀레니엄베이베
1,15,0,7,15,2,1,0,2,0,0,0,0,196889,160634,35445,810,0,34773,28050,5913,810,10326,1,20272,9308,8334,20,6,21963,2993,16882,2087,16328,15850,3,0,252,8,0,4,89,17,4,0,8,2,0,0,1,0,0,0,7.1,10.3,NaN,488.9,664.9000000000001,NaN,352.6,618.8,NaN,163.5,127.40000000000006,NaN,"{'0-10': 'NaN', '10-20': 'NaN', '20-30': 'NaN'}","{'0-10': 'NaN', '10-20': 'NaN', '20-30': 'NaN'}",KkOma19
0,1,7,5,0,1,0,396,0,0,0,0,0,185130,168569,15136,1425,0,14338,13570,768,0,2816,1,17401,4540,471,36,15,21893,7697,13736,460,11549,11410,0,0,241,23,21,0,349,16,3,0,14,6,0,0,0,0,0,0,7.9,7.4,8.8,457.3,478,596,255.8,419,402.9,126.80000000000001,-174.7,-63.69999999999999,"{'0-10': 'NaN', '10-20': 'NaN', '20-30': 'NaN'}","{'0-10': 'NaN', '10-20': 'NaN', '20-30': 'NaN'}",DWG ShowMaker
1,3,3,9,3,1,1,290,0,0,0,0,0,59123,7619,51503,0,0,7984,1243,6741,0,1426,1,5602,2920,2191,17,5,10611,4305,6297,8,7244,5850,1,0,116,7,1,4,65,11,2,0,7,5,0,0,0,0,0,0,7.8,NaN,429.1,NaN,251.89999999999998,NaN,71.08,NaN,"{'0-10': 'NaN', '10-20': 'NaN', '20-30': 'NaN'}","{'0-10': 'NaN', '10-20': 'NaN', '20-30': 'NaN'}",Lego66
1,8,9,11,5,1,2,307,0,0,0,0,0,67952,62500,3246,2205,0,25965,23426,715,1823,619,1,12951,3599,1415,51,23,23941,12292,11057,592,11280,9450,0,0,33,8,4,0,368,14,10,0,37,4,0,0,0,0,0,0,0.2,1.9,NaN,238.39999999999998,387.2,NaN,163.7,480.9,NaN,19.65000000000002,-130.9,NaN,"{'0-10': 'NaN', '10-20': 'NaN', '20-30': 'NaN'}","{'0-10': 'NaN', '10-20': 'NaN', '20-30': 'NaN'}",T1 Kuri
0,2,5,4,0,1,0,522,0,0,0,0,0,98106,2112,95994,0,742,10517,106,10411,0,2240,2,6961,1120,147,13,17,14664,4216,9698,749,7569,6625,0,0,170,3,3,0,77,11,1,0,6,1,0,0,0,0,0,0,6.9,8.4,NaN,340.1,416.3,NaN,267.79999999999995,356.5,NaN,"{'0-10': 'NaN', '10-20': 'NaN', '20-30': 'NaN'}","{'0-10': 'NaN', '10-20': 'NaN', '20-30': 'NaN'}","{'0-10': 'NaN', '10-20': 'NaN', '20-30': 'NaN'}",겜방튜브 구독좀
1,9,0,5,9,2,1,0,2,0,0,0,0,285722,6667,274419,4634,1070,22026,1763,18728,1535,4611,3,7308,26076,5998,24,8,15539,5409,9908,220,17084,15700,3,0,275,40,31,0,172,17,2,0,10,10,0,0,0,0,0,0,5.9,8.8,7.5,251.8,478.2,585.5,253.70000000000002,366.6,563.7,-54.75,0.6500000000000057,-83.49999999999994,"{'0-10': 'NaN', '10-20': 'NaN', '20-30': 'NaN'}","{'0-10': 'NaN', '10-20': 'NaN', '20-30': 'NaN'}",으댜다
1,6,1,1,6,2,1,159,2,0,0,0,0,78920,2889,72634,3397,549,11236,552,10581,102,1046,1,7014,2900,2659,12,11,6399,1522,4613,263,8030,5875,1,0,126,16,4,8,103,12,1,0,6,1,0,0,0,1,NaN,8.1,NaN,520.2,NaN,358.1,NaN,106.40000000000003,NaN,"{'0-10': 'NaN', '10-20': 'NaN', '20-30': 'NaN'}","{'0-10': 'NaN', '10-20': 'NaN', '20-30': 'NaN'}",T1 Gumayusi
1,4,3,7,4,2,1,683,1,0,0,0,0,97995,35277,59664,3053,0,9951,5509,4228,213,2876,5,14968,3011,2613,14,24,16319,3425,12000,893,9429,8400,1,0,171,9,0,8,389,14,0,0,7,2,0,0,0,0,0,1,7.2,8.7,NaN,453,502.8,NaN,253,400.1,NaN,10.299999999999983,22.80000000000001,NaN,"{'0-10': 'NaN', '10-20': 'NaN', '20-30': 'NaN'}","{'0-10': 'NaN', '10-20': 'NaN', '20-30': 'NaN'}",LSWINDMAXSELFIE
0,1,9,2,0,1,0,369,0,0,0,0,0,113434,102736,10698,0,0,11219,10571,648,0,3797,1,7084,375,56,29,21,18218,7486,8740,1990,8546,8000,0,0,156,30,29,0,479,13,7,0,12,5,0,0,0,0,0,0,6.4,5.6,NaN,405,394.7,NaN,233.79999999999998,297,NaN,-113.09999999999997,-213.8,NaN,"{'0-10': 'NaN', '10-20': 'NaN', '20-30': 'NaN'}","{'0-10': 'NaN', '10-20': 'NaN', '20-30': 'NaN'}",FATE
1,5,5,14,3,1,1,553,0,0,0,0,0,116306,6421,108068,1816,0,21403,1028,18983,1392,7111,1,15021,9941,1575,24,29,23962,6874,16765,322,11982,11325,0,0,143,10,0,6,143,16,3,0,12,2,0,0,0,0,0,0,4.8,5,4.1,415.3,394.4,546.5999999999999,353.79999999999995,316.3,395.5,-19.599999999999994,-50.400000000000034,167.99999999999997,"{'0-10': 'NaN', '10-20': 'NaN', '20-30': 'NaN'}","{'0-10': 'NaN', '10-20': 'NaN', '20-30': 'NaN'}",가시덤불로
0,4,8,2,2,1,1,364,0,0,0,0,0,96909,7881,87841,1186,0,10416,935,8783,698,3180,1,7752,0,0,46,10,18749,3176,14262,1311,9667,9275,0,0,166,0,0,0,81,13,5,0,19,12,0,0,0,0,0,0,6.4,4.6,NaN,390.9,262.1,NaN,320.7,339.4,NaN,-71,-291.70000000000005,NaN,"{'0-10': 'NaN', '10-20': 'NaN', '20-30': 'NaN'}","{'0-10': 'NaN', '10-20': 'NaN', '20-30': 'NaN'}",상준kim
1,10,4,19,7,1,2,940,0,0,0,0,0,186545,7973,176724,1848,1344,22856,1841,20821,194,3889,3,6236,11987,6548,35,25,19021,9280,7046,2694,13816,13025,0,0,227,16,12,4,126,15,6,0,15,10,0,0,0,0,0,1,6.9,10.5,NaN,320.79999999999995,492.79999999999995,NaN,306.4,502.6,NaN,"{'0-10': 'NaN', '10-20': 'NaN', '20-30': 'NaN'}","{'0-10': 'NaN', '10-20': 'NaN', '20-30': 'NaN'}","{'0-10': 'NaN', '10-20': 'NaN', '20-30': 'NaN'}",BRION Hena
1,4,4,7,2,1,1,355,0,0,0,0,0,165708,151981,7353,6374,0,12592,11917,161,512,8135,1,5887,17912,0,21,6,15848,4836,10808,204,9097,8085,0,0,25,164,105,21,148,13,2,0,4,4,0,0,0,0,NaN,0,2.5,NaN,446.20000000000005,581.1,NaN,386.5,450,NaN,202.10000000000002,117.4,NaN,"{'0-10': 'NaN', '10-20': 'NaN', '20-30': 'NaN'}","{'0-10': 'NaN', '10-20': 'NaN', '20-30': 'NaN'}",Homelander
1,5,0,4,5,1,1,0,0,0,0,0,0,114777,74959,28084,11733,0,9623,7879,1024,719,5045,1,4825,29636,1647,36,13,10478,2685,7792,0,8840,7925,2,0,20,104,55,5,108,12,5,0,7,8,0,0,1,0,NaN,0.30000000000000004,1.7,NaN,337.1,581.2,NaN,284.5,484.9,NaN,3.8000000000000114,197.2,NaN,"{'0-10': 'NaN', '10-20': 'NaN', '20-30': 'NaN'}","{'0-10': 'NaN', '10-20': 'NaN', '20-30': 'NaN'}",Gen G Clid
1,9,2,5,5,4,3,1104,2,1,1,0,0,171642,1004,167093,3545,1282,21418,354,21014,50,988,3,8148,22407,16137,29,4,9844,5729,4067,48,13618,10800,6,0,227,20,16,0,71,13,4,0,10,9,0,0,0,0,0,1,8.8,9,NaN,316.3,500.3,NaN,319.20000000000005,583.4,NaN,-1.0499999999999687,144.29999999999998,NaN,"{'0-10': 'NaN', '10-20': 'NaN', '20-30': 'NaN'}","{'0-10': 'NaN', '10-20': 'NaN', '20-30': 'NaN'}",Gen G Ruler
1,11,6,6,5,2,2,545,1,0,0,0,0,183224,2038,169017,12168,1425,21062,494,19889,678,2346,3,13168,15138,5327,30,12,13855,2962,9562,1329,14260,12750,3,1,219,22,14,8,203,15,4,0,9,12,0,0,0,0,1,0,6,9.7,NaN,343.1,522.3,NaN,394.6,494.2,NaN,33.39999999999999,-9.500000000000028,NaN,"{'0-10': 'NaN', '10-20': 'NaN', '20-30': 'NaN'}","{'0-10': 'NaN', '10-20': 'NaN', '20-30': 'NaN'}",Gen G Ruler
1,7,4,9,3,3,2,585,1,1,0,0,0,147384,18194,120897,8292,0,23756,3291,20348,117,4648,1,21159,11371,3147,21,9,22956,9624,12846,486,13152,11400,1,0,198,0,0,0,153,16,2,0,9,5,0,0,1,0,NaN,6.8999999999999995,8,4.9,442.6,467.3,625.0999999999999,259.1,424.1,477.4,"{'0-10': 'NaN', '10-20': 'NaN', '20-30': 'NaN'}","{'0-10': 'NaN', '10-20': 'NaN', '20-30': 'NaN'}","{'0-10': 'NaN', '10-20': 'NaN', '20-30': 'NaN'}",Frost Tyrant
0,0,13,12,0,0,0,360,0,0,0,0,0,18664,7667,4665,6332,0,7961,5421,1767,772,2108,1,17308,679,574,85,24,30304,19968,9055,1280,6467,6150,0,0,25,0,0,0,126,11,20,0,78,6,0,0,0,0,0,0,1.2,0.7,0.6000000000000001,221.7,324.6,229.7,178.3,212.10000000000002,201.7,-71.30000000000001,-20.599999999999966,-188.7,"{'0-10': 'NaN', '10-20': 'NaN', '20-30': 'NaN'}","{'0-10': 'NaN', '10-20': 'NaN', '20-30': 'NaN'}",Ming heir 
1,5,6,18,3,1,1,1001,0,0,0,0,0,33383,16783,9018,7582,0,15521,10094,3955,1471,7048,5,50192,4044,627,104,82,30359,12322,15737,2299,10296,9200,0,0,44,0,0,0,295,16,20,0,64,12,0,0,0,0,0,1,1.4,1.9,0.8,280.4,394.40000000000003,587.6,168.2,329.9,331.2,-80,90.25,147.90000000000003,"{'0-10': 'NaN', '10-20': 'NaN', '20-30': 'NaN'}","{'0-10': 'NaN', '10-20': 'NaN', '20-30': 'NaN'}",초코 케이끄
1,3,3,15,2,1,1,652,0,0,0,0,0,30733,1242,20913,8577,0,11511,1177,8507,1826,2059,1,19657,4453,1891,90,32,15851,6383,8466,1002,7857,6725,1,0,42,0,0,0,117,12,11,0,63,9,0,0,1,0,0,0,1.5,1.5,NaN,277.4,339.5,NaN,187.5,376.4,NaN,34.00000000000003,90.70000000000002,NaN,"{'0-10': 'NaN', '10-20': 'NaN', '20-30': 'NaN'}","{'0-10': 'NaN', '10-20': 'NaN', '20-30': 'NaN'}",Ming heir 
0,5,6,7,3,2,1,718,1,0,0,0,0,111573,7591,103733,248,916,11302,674,10575,52,1733,3,6105,202,202,12,11,14937,4674,9953,308,9862,10100,0,0,188,16,12,0,106,12,2,0,9,5,0,0,0,0,0,0,8.600000000000001,7.8,NaN,379.7,345.79999999999995,NaN,380.3,333.5,NaN,4.549999999999983,-93.80000000000004,NaN,"{'0-10': 'NaN', '10-20': 'NaN', '20-30': 'NaN'}","{'0-10': 'NaN', '10-20': 'NaN', '20-30': 'NaN'}",Gen G Ruler
0,10,20,7,2,2,3,57,2,0,0,0,0,34625,655,33810,160,608,12572,235,12237,100,2122,1,9844,0,0,9,8,27810,18898,8432,479,11219,10450,0,0,33,4,4,0,40,11,0,0,6,0,0,0,0,0,0,0,2.5999999999999996,NaN,529.6,NaN,888.9000000000001,NaN,-72.74000000000001,NaN,"{'0-10': 'NaN', '10-20': 'NaN', '20-30': 'NaN'}","{'0-10': 'NaN', '10-20': 'NaN', '20-30': 'NaN'}",장구다
1,39,6,4,11,5,7,235,10,5,2,2,0,158937,6208,152729,0,950,59985,1894,58090,0,6045,3,6294,15106,14502,13,2,28402,15972,11709,719,22638,17925,4,0,115,2,0,1,18,15,1,0,10,0,0,0,1,0,0,0,7,NaN,723.5999999999999,NaN,1491.2,NaN,102.66000000000003,NaN,"{'0-10': 'NaN', '10-20': 'NaN', '20-30': 'NaN'}","{'0-10': 'NaN', '10-20': 'NaN', '20-30': 'NaN'}",Gen G Ruler
0,1,3,2,0,1,0,334,0,0,0,0,0,44501,418,41697,2385,0,4122,58,4063,0,1796,1,6109,2435,2435,11,10,9306,1167,7956,182,5333,5200,0,0,99,0,0,0,16,9,1,0,4,3,0,0,0,1,0,0,7.6,NaN,417.9,NaN,319.29999999999995,NaN,-61.13999999999997,NaN,"{'0-10': 'NaN', '10-20': 'NaN', '20-30': 'NaN'}","{'0-10': 'NaN', '10-20': 'NaN', '20-30': 'NaN'}",ANG TV
1,5,0,1,5,2,1,732,2,0,0,0,0,49073,851,46568,1654,593,5848,0,5840,8,1156,3,1026,2966,2848,4,11,3938,170,2678,1090,6539,5075,1,1,108,0,0,0,35,8,1,0,3,1,1,0,0,0,1,0,8.9,NaN,394,NaN,457,NaN,97.82,NaN,"{'0-10': 'NaN', '10-20': 'NaN', '20-30': 'NaN'}","{'0-10': 'NaN', '10-20': 'NaN', '20-30': 'NaN'}",Gen G Ruler
1,12,6,12,8,2,2,1069,1,0,0,0,0,167146,11063,146897,9185,0,29420,1890,25791,1737,4185,1,10456,1056,1056,55,24,21249,8884,11833,531,14687,13550,1,0,209,26,8,1,136,16,6,0,7,20,0,0,0,0,0,0,8.2,6.8999999999999995,4.4,499.3,619.5,417.2,358.3,617.3,352.6,86.20000000000002,155.1,-111,"{'0-10': 'NaN', '10-20': 'NaN', '20-30': 'NaN'}","{'0-10': 'NaN', '10-20': 'NaN', '20-30': 'NaN'}",사랑해 허수
0,2,3,0,2,1,1,283,0,0,0,0,0,66672,48635,14899,3137,0,4875,3405,1469,0,770,1,5506,3893,1671,20,2,7892,697,7097,98,6819,6525,1,0,136,0,0,0,65,12,3,0,10,0,0,0,0,0,NaN,6.4,6.7,NaN,408.6,515.7,NaN,227.5,376.1,NaN,"{'0-10': 'NaN', '10-20': 'NaN', '20-30': 'NaN'}","{'0-10': 'NaN', '10-20': 'NaN', '20-30': 'NaN'}","{'0-10': 'NaN', '10-20': 'NaN', '20-30': 'NaN'}",맨질맨질보노보노
1,26,5,13,9,4,4,775,7,1,1,0,0,286048,18261,265399,2388,2710,59599,7786,50989,824,8325,3,27082,28273,13739,36,48,27080,9597,17075,406,21496,20850,5,0,234,18,17,0,249,17,4,0,13,13,0,0,0,0,0,1,7.6,5.5,7.6,350.6,456.1,520.5,411.4,527.2,657,"{'0-10': 'NaN', '10-20': 'NaN', '20-30': 'NaN'}","{'0-10': 'NaN', '10-20': 'NaN', '20-30': 'NaN'}","{'0-10': 'NaN', '10-20': 'NaN', '20-30': 'NaN'}",튀자튀자아
1,10,4,17,5,1,3,832,0,0,0,0,0,206461,158044,35968,12448,0,23576,20222,1686,1667,10957,1,14643,47124,5856,34,25,27984,9715,17553,716,14262,13325,0,0,30,127,65,17,233,16,9,0,9,7,1,0,0,1,0,1,0.4,0.9,0.7,328,466.1,535.2,340,385.29999999999995,461.6,70.69999999999999,134.9,100.69999999999999,"{'0-10': 'NaN', '10-20': 'NaN', '20-30': 'NaN'}","{'0-10': 'NaN', '10-20': 'NaN', '20-30': 'NaN'}",Land of Glory
1,7,2,10,4,2,2,552,1,0,0,0,0,77387,3652,73466,268,1027,15695,936,14617,142,1915,2,4407,5967,5967,13,13,9613,2092,7304,216,8870,6475,2,0,138,8,4,4,74,10,3,0,6,1,0,0,0,0,0,1,8.8,NaN,369.4,NaN,439.4,NaN,108.47999999999999,NaN,"{'0-10': 'NaN', '10-20': 'NaN', '20-30': 'NaN'}","{'0-10': 'NaN', '10-20': 'NaN', '20-30': 'NaN'}",Gen G Ruler
1,4,3,7,2,1,1,651,0,0,0,0,0,182191,8706,163288,10196,455,15224,1324,13205,694,2513,1,8502,13599,7334,24,1,16515,2208,13188,1117,12971,11025,2,0,224,21,12,4,87,16,3,0,8,4,0,0,0,0,0,1,7,7.6,NaN,434.4,443.29999999999995,NaN,295,339.79999999999995,NaN,12,-27.5,NaN,"{'0-10': 'NaN', '10-20': 'NaN', '20-30': 'NaN'}","{'0-10': 'NaN', '10-20': 'NaN', '20-30': 'NaN'}",요요쉬맨재성
0,7,5,7,3,2,2,995,1,0,0,0,0,167261,7500,153896,5864,0,19214,2182,16127,904,9338,1,23857,2635,848,19,23,31240,15781,14634,824,14759,14525,1,0,231,0,0,0,258,16,1,0,12,1,0,0,0,0,NaN,7.300000000000001,7.1,7.2,480.7,449.9,586.0999999999999,350.9,359.70000000000005,611.8,"{'0-10': 'NaN', '10-20': 'NaN', '20-30': 'NaN'}","{'0-10': 'NaN', '10-20': 'NaN', '20-30': 'NaN'}","{'0-10': 'NaN', '10-20': 'NaN', '20-30': 'NaN'}",Autumn Mid
0,2,5,6,0,1,0,318,0,0,0,0,0,71480,3106,68271,102,0,7764,1046,6616,102,1184,2,5808,1080,655,9,1,11368,7607,3288,472,7808,7600,1,0,158,8,8,0,10,10,4,0,7,1,1,0,0,0,NaN,7,7.6,NaN,252.39999999999998,392.9,NaN,325.3,340.29999999999995,NaN,-28.599999999999994,10.849999999999994,NaN,"{'0-10': 'NaN', '10-20': 'NaN', '20-30': 'NaN'}","{'0-10': 'NaN', '10-20': 'NaN', '20-30': 'NaN'}",KeSPA
1,10,4,12,4,1,2,310,0,0,0,0,0,82947,13004,63886,6056,0,14825,2017,12226,582,4461,1,15577,18365,1082,23,16,18038,3318,14524,195,9746,9150,2,0,23,72,44,8,267,12,9,0,14,2,1,0,0,0,NaN,1.6,0.7,NaN,426.6,463.3,NaN,427.9,487.7,NaN,151.79999999999998,167.4,NaN,"{'0-10': 'NaN', '10-20': 'NaN', '20-30': 'NaN'}","{'0-10': 'NaN', '10-20': 'NaN', '20-30': 'NaN'}",빡 표
0,2,3,2,2,1,1,253,0,0,0,0,0,53236,44206,6622,2407,0,6698,6266,410,22,824,1,6500,0,0,21,7,11122,4489,5651,981,6057,5150,0,0,116,0,0,0,105,11,5,0,10,4,0,0,0,0,NaN,5.4,NaN,393.9,NaN,305.1,NaN,-21.420000000000073,NaN,"{'0-10': 'NaN', '10-20': 'NaN', '20-30': 'NaN'}","{'0-10': 'NaN', '10-20': 'NaN', '20-30': 'NaN'}",CheonG0
1,0,4,9,0,0,0,207,0,0,0,0,0,9607,2950,2953,3703,0,3153,2210,943,0,552,5,5498,45,45,28,15,6984,2941,3739,303,4093,3975,0,0,24,0,0,0,64,8,9,0,14,4,0,0,0,0,NaN,1.2,NaN,224.20000000000002,NaN,166.8,NaN,17.299999999999983,NaN,"{'0-10': 'NaN', '10-20': 'NaN', '20-30': 'NaN'}","{'0-10': 'NaN', '10-20': 'NaN', '20-30': 'NaN'}",Gen G Ruler
0,6,5,7,4,2,1,666,1,0,0,0,0,148151,135646,6095,6410,0,19508,16888,1197,1422,10386,1,24437,12898,4681,35,18,35732,15338,19815,578,12040,13605,2,0,191,20,16,4,403,15,7,0,15,5,0,0,0,0,0,0,5.1,9.1,4.9,384.4,632,440.3,256.5,417.3,465.3,-44.900000000000006,175.89999999999998,66.5,"{'0-10': 'NaN', '10-20': 'NaN', '20-30': 'NaN'}","{'0-10': 'NaN', '10-20': 'NaN', '20-30': 'NaN'}",Quad
0,3,5,1,2,2,1,305,1,0,0,0,0,53751,49023,4673,54,0,8298,7618,625,54,1172,1,8062,0,0,14,7,11005,1707,7507,1790,6433,6660,0,0,116,0,0,0,111,11,5,0,10,2,0,0,0,0,NaN,6.699999999999999,NaN,450.8,NaN,264.9,NaN,-23.080000000000013,NaN,"{'0-10': 'NaN', '10-20': 'NaN', '20-30': 'NaN'}","{'0-10': 'NaN', '10-20': 'NaN', '20-30': 'NaN'}",럼블은요들요들함
0,3,5,2,2,2,1,953,1,0,0,0,0,146001,20598,124818,584,0,9090,2975,6018,96,1510,3,8674,3688,3049,26,1,16295,4993,10682,618,12077,11475,1,0,273,12,7,4,24,14,6,0,12,12,0,0,0,0,0,0,9.1,11.8,NaN,364.2,540.8,NaN,352.8,433.1,NaN,6.200000000000003,-74.6,NaN,"{'0-10': 'NaN', '10-20': 'NaN', '20-30': 'NaN'}","{'0-10': 'NaN', '10-20': 'NaN', '20-30': 'NaN'}",Gen G Ruler
1,4,5,5,2,1,1,472,0,0,0,0,0,83502,74696,8062,744,0,14207,12107,1355,744,457,1,5379,2151,1059,14,29,13617,5254,7218,1143,8505,6925,1,0,128,8,8,0,245,11,3,0,6,1,0,0,1,0,0,1,6.6,NaN,411.5,NaN,341.5,NaN,17.65999999999994,NaN,"{'0-10': 'NaN', '10-20': 'NaN', '20-30': 'NaN'}","{'0-10': 'NaN', '10-20': 'NaN', '20-30': 'NaN'}",말라질꺼야
0,4,6,6,3,1,1,784,0,0,0,0,0,155255,114021,33946,7288,0,15127,12923,855,1348,8632,1,11026,13350,1235,34,24,26016,7224,18660,132,10251,9360,1,0,23,135,83,16,182,14,9,0,10,7,0,0,0,0,0,0,0.2,0.8,1.3,333.8,474.8,312.2,263.4,392.4,277.4,43.400000000000006,78.20000000000002,-335,"{'0-10': 'NaN', '10-20': 'NaN', '20-30': 'NaN'}","{'0-10': 'NaN', '10-20': 'NaN', '20-30': 'NaN'}",zr쿤
0,4,6,4,2,1,1,323,0,0,0,0,0,84063,5094,66576,12392,0,8303,0,5913,2390,8545,1,9879,7634,0,38,19,21719,10048,11292,378,8070,7875,0,0,11,79,60,5,218,11,4,0,13,8,0,0,0,0,NaN,0.4,0.5,NaN,236.3,447.3,NaN,215,472,NaN,-30.09999999999998,-149.7,NaN,"{'0-10': 'NaN', '10-20': 'NaN', '20-30': 'NaN'}","{'0-10': 'NaN', '10-20': 'NaN', '20-30': 'NaN'}",T1 Cuzz
0,2,2,2,0,1,0,961,0,0,0,0,0,134752,809,127348,6594,485,6777,369,4917,1489,2430,2,16625,7213,3409,25,3,15287,3575,11142,568,10643,9783,1,0,215,16,9,1,71,14,4,0,12,5,0,0,0,0,NaN,9.2,8.3,NaN,479.5,533.3,NaN,309.6,479.7,NaN,23,-14.400000000000006,NaN,"{'0-10': 'NaN', '10-20': 'NaN', '20-30': 'NaN'}","{'0-10': 'NaN', '10-20': 'NaN', '20-30': 'NaN'}",Why N0T
1,1,4,15,0,1,0,513,0,0,0,0,0,23760,10142,7217,6399,0,6340,3863,1956,520,1908,1,16064,2648,2066,79,33,13720,5549,7627,542,7825,6850,0,0,40,0,0,0,56,13,12,0,25,20,0,0,0,0,0,0,1.7,1.7000000000000002,NaN,282.7,419.1,NaN,182.7,316,NaN,-13.099999999999994,105.95000000000005,NaN,"{'0-10': 'NaN', '10-20': 'NaN', '20-30': 'NaN'}","{'0-10': 'NaN', '10-20': 'NaN', '20-30': 'NaN'}",홍삼맛 딸기우유
1,1,10,9,0,1,0,329,0,0,0,0,0,31585,24338,1582,5664,0,9137,7993,262,881,1247,1,36840,0,0,70,30,25155,5137,18223,1794,8022,7725,0,0,40,2,0,2,75,13,11,0,36,10,1,0,0,0,0,0,1.3,1.6,0.7,199.10000000000002,317.8,381.29999999999995,184.5,214.8,256,-4.849999999999994,-79.05000000000004,-109.40000000000003,"{'0-10': 'NaN', '10-20': 'NaN', '20-30': 'NaN'}","{'0-10': 'NaN', '10-20': 'NaN', '20-30': 'NaN'}",Doinb
0,1,4,1,0,1,0,217,0,0,0,0,0,23259,2617,18991,1650,0,1940,239,1602,98,2579,1,2819,765,0,5,4,7911,3506,4283,122,3388,2300,0,0,0,36,25,4,108,6,2,0,2,0,0,0,0,0,0,0,0,NaN,181,NaN,233,NaN,-154.48,NaN,"{'0-10': 'NaN', '10-20': 'NaN', '20-30': 'NaN'}","{'0-10': 'NaN', '10-20': 'NaN', '20-30': 'NaN'}",VIT 모글리
0,1,4,6,0,1,0,378,0,0,0,0,0,51470,5684,40011,5775,0,3738,249,3157,332,2890,1,6059,6519,0,17,11,9178,2557,6418,201,4863,4425,0,0,4,62,34,9,247,8,2,0,3,4,0,0,0,0,NaN,0.2,NaN,237.7,NaN,256.1,NaN,-60.91999999999999,NaN,"{'0-10': 'NaN', '10-20': 'NaN', '20-30': 'NaN'}","{'0-10': 'NaN', '10-20': 'NaN', '20-30': 'NaN'}",박구원
1,18,4,2,11,2,4,649,3,0,0,0,0,215087,14140,198253,2694,0,34258,2421,31103,734,3375,1,11974,11464,6261,38,22,24219,2593,17523,4102,17051,17275,2,1,235,23,14,4,98,17,2,0,11,10,1,0,1,0,0,0,8.2,8.1,NaN,523.8,586.4,NaN,432.29999999999995,698.2,NaN,142.70000000000002,9.900000000000006,NaN,"{'0-10': 'NaN', '10-20': 'NaN', '20-30': 'NaN'}","{'0-10': 'NaN', '10-20': 'NaN', '20-30': 'NaN'}",HLE Mireu
1,6,4,16,2,1,2,525,0,0,0,0,0,120974,13977,94908,12088,0,13979,1229,12070,680,8976,1,21211,29394,3076,25,18,24052,9423,13808,820,11222,8975,2,0,30,95,60,0,372,14,4,0,6,12,0,0,0,0,0,0,0.7,1.2,NaN,315.8,461.5,NaN,291,398.29999999999995,NaN,-6.699999999999989,89.30000000000001,NaN,"{'0-10': 'NaN', '10-20': 'NaN', '20-30': 'NaN'}","{'0-10': 'NaN', '10-20': 'NaN', '20-30': 'NaN'}",Mental 12345
0,0,5,0,0,0,0,362,0,0,0,0,0,71394,45611,13428,12355,0,7036,4176,2837,23,3047,1,10588,1609,77,20,15,14347,2144,11625,576,5429,5250,0,0,130,0,0,0,244,11,4,0,10,1,0,0,0,0,0,0,6.199999999999999,6.6,NaN,408.3,390.79999999999995,NaN,203.8,278.5,NaN,-49.70000000000002,-116.20000000000002,NaN,"{'0-10': 'NaN', '10-20': 'NaN', '20-30': 'NaN'}","{'0-10': 'NaN', '10-20': 'NaN', '20-30': 'NaN'}",DRX OneZang
0,0,7,9,0,0,0,378,0,0,0,0,0,18579,7100,3803,7675,0,5349,4414,935,0,801,5,15952,0,0,64,40,14836,6470,7404,961,6128,5625,0,0,35,0,0,0,174,11,11,0,37,7,0,0,0,0,0,0,1.5,1.7,NaN,251.9,348.2,NaN,173.5,238.7,NaN,-52.750000000000014,-19.049999999999983,NaN,"{'0-10': 'NaN', '10-20': 'NaN', '20-30': 'NaN'}","{'0-10': 'NaN', '10-20': 'NaN', '20-30': 'NaN'}",SANDBOX DooTi
0,4,8,7,2,2,1,530,1,0,0,0,0,237746,7249,227226,3270,810,21863,2315,18753,794,3252,3,14263,6209,4646,30,23,22925,8785,13854,285,14640,14100,2,0,266,37,33,4,132,15,4,0,14,8,0,0,0,0,0,0,7,7.800000000000001,8,277.4,464,423.7,251,418.3,538.4,-8.100000000000023,26.099999999999994,-94.10000000000005,"{'0-10': 'NaN', '10-20': 'NaN', '20-30': 'NaN'}","{'0-10': 'NaN', '10-20': 'NaN', '20-30': 'NaN'}",도녀깅
1,1,2,3,0,1,0,540,0,0,0,0,0,51669,0,51237,432,492,5948,0,5670,278,62,1,3653,2988,2988,20,8,4008,1106,2768,133,6593,5805,1,0,112,12,0,4,58,11,1,0,4,5,0,0,0,0,NaN,4.4,NaN,349.7,NaN,227.1,NaN,21.879999999999995,NaN,"{'0-10': 'NaN', '10-20': 'NaN', '20-30': 'NaN'}","{'0-10': 'NaN', '10-20': 'NaN', '20-30': 'NaN'}",dolcasa
0,3,2,0,3,1,1,1167,0,0,0,0,0,93960,0,93596,364,463,6923,0,6559,364,1277,1,6588,473,0,20,3,10418,1847,8130,440,8494,7925,0,0,189,0,0,0,155,14,2,0,7,4,0,0,0,0,NaN,6.5,9.9,NaN,407.5,600.8,NaN,296.5,404.6,NaN,"{'0-10': 'NaN', '10-20': 'NaN', '20-30': 'NaN'}","{'0-10': 'NaN', '10-20': 'NaN', '20-30': 'NaN'}","{'0-10': 'NaN', '10-20': 'NaN', '20-30': 'NaN'}",챌찍으면 닉변함
0,2,4,12,0,1,0,511,0,0,0,0,0,29208,12672,7442,9092,0,6760,3879,1867,1014,1965,1,24276,4909,532,62,38,15838,4564,10886,388,7934,7200,0,0,30,0,0,0,71,13,12,0,37,4,0,0,0,0,0,0,1.4,1.4,0.2,267,405.9,330.3,181.4,289.4,251.5,-16.649999999999963,80.35000000000002,-19.25,"{'0-10': 'NaN', '10-20': 'NaN', '20-30': 'NaN'}","{'0-10': 'NaN', '10-20': 'NaN', '20-30': 'NaN'}",깨기 싫은 꿈
0,3,7,3,2,1,1,425,0,0,0,0,0,117297,103841,10789,2665,0,13158,12491,496,170,1382,1,9913,679,152,17,15,20688,5319,14810,557,8847,8810,0,0,178,6,2,0,275,13,1,0,13,3,0,0,0,0,0,0,6.7,8.4,NaN,308.4,509.7,NaN,245.89999999999998,381.5,NaN,-46.750000000000014,-54.10000000000005,NaN,"{'0-10': 'NaN', '10-20': 'NaN', '20-30': 'NaN'}","{'0-10': 'NaN', '10-20': 'NaN', '20-30': 'NaN'}",세민누나 이쁘다
0,0,3,2,0,0,0,490,0,0,0,0,0,15269,4298,5103,5867,0,3482,1994,1174,314,0,0,6339,0,0,14,24,6378,2283,3840,254,3148,2200,0,0,22,0,0,0,115,8,4,0,8,1,0,0,0,0,NaN,1.4,NaN,263.20000000000005,NaN,160.3,NaN,-95.91999999999999,NaN,"{'0-10': 'NaN', '10-20': 'NaN', '20-30': 'NaN'}","{'0-10': 'NaN', '10-20': 'NaN', '20-30': 'NaN'}",리그오브래전드ll
1,9,3,5,7,2,2,1150,2,0,0,0,0,137802,116875,20283,644,0,17768,14933,2620,214,5186,1,18038,11646,4470,22,10,21150,6790,12933,1426,12862,12200,1,0,212,0,0,0,167,16,2,0,10,4,0,0,1,0,0,0,8.9,7.6000000000000005,NaN,488.4,638.9,NaN,281.6,586.2,NaN,-23.80000000000004,135.39999999999998,NaN,"{'0-10': 'NaN', '10-20': 'NaN', '20-30': 'NaN'}","{'0-10': 'NaN', '10-20': 'NaN', '20-30': 'NaN'}",T1 Canna
0,5,11,9,0,1,0,314,0,0,0,0,0,119684,80814,38569,301,0,16913,10843,5848,221,8012,1,18288,1389,47,30,28,28249,13986,13179,1082,11758,11860,0,0,192,2,0,0,98,15,5,0,14,4,0,0,0,0,0,0,3.9000000000000004,7.2,8.1,278.7,532.3,619.0999999999999,245.5,377.29999999999995,479,"{'0-10': 'NaN', '10-20': 'NaN', '20-30': 'NaN'}","{'0-10': 'NaN', '10-20': 'NaN', '20-30': 'NaN'}","{'0-10': 'NaN', '10-20': 'NaN', '20-30': 'NaN'}",화려한 솔로킬
0,3,4,20,2,1,1,948,0,0,0,0,0,35469,19047,5857,10565,0,15287,10599,1890,2797,17322,14,35708,3179,399,85,31,31944,13796,15051,3095,10069,8475,0,0,36,0,0,0,165,14,17,0,51,6,1,0,0,0,0,0,1.7,1.1,0.8,298.7,347.6,394.3,229.7,284.8,231.4,106.85,132.90000000000003,-149.09999999999994,"{'0-10': 'NaN', '10-20': 'NaN', '20-30': 'NaN'}","{'0-10': 'NaN', '10-20': 'NaN', '20-30': 'NaN'}",Gen G Kellin
1,12,4,10,7,2,3,345,2,0,0,0,0,177421,146813,19596,11011,0,24170,21350,1786,1033,19074,5,12038,30291,5010,74,2,24397,9007,14585,804,13893,12250,3,1,33,148,93,16,104,16,8,0,29,19,1,0,0,0,1,0,0.2,1.7,NaN,342.1,550.2,NaN,371.7,521.6,NaN,63.599999999999994,-3.1000000000000227,NaN,"{'0-10': 'NaN', '10-20': 'NaN', '20-30': 'NaN'}","{'0-10': 'NaN', '10-20': 'NaN', '20-30': 'NaN'}",김주동생
0,0,5,1,0,0,0,387,0,0,0,0,0,9656,2067,3106,4483,0,1740,753,817,170,87,2,5097,188,0,24,8,6880,2304,4497,78,3050,2625,0,0,17,0,0,0,22,6,7,0,17,4,0,0,0,0,NaN,1.2,NaN,237,NaN,152.9,NaN,11.500000000000085,NaN,"{'0-10': 'NaN', '10-20': 'NaN', '20-30': 'NaN'}","{'0-10': 'NaN', '10-20': 'NaN', '20-30': 'NaN'}",DRX Pleata
0,0,15,13,0,0,0,331,0,0,0,0,0,114190,55637,58529,24,0,15136,9681,5431,24,2911,1,59539,4320,2886,7,43,41802,8107,31536,2158,9028,8950,1,0,128,13,6,4,581,14,0,0,6,0,0,0,0,0,0,0,5.4,5.2,2.2,354.4,452.6,351.2,233.5,297.5,289.6,21.30000000000001,189.9,-206.90000000000003,"{'0-10': 'NaN', '10-20': 'NaN', '20-30': 'NaN'}","{'0-10': 'NaN', '10-20': 'NaN', '20-30': 'NaN'}",Flark
0,2,3,4,2,1,1,1056,0,0,0,0,0,70589,58160,12429,0,6,10960,8407,2552,0,3810,1,15201,3830,1832,19,3,16093,6518,9232,341,7928,7475,1,0,142,0,0,0,27,12,3,0,6,6,0,0,0,0,0,0,6.9,6.4,NaN,482.4,410.1,NaN,300.2,384.9,NaN,75,-79.6,NaN,"{'0-10': 'NaN', '10-20': 'NaN', '20-30': 'NaN'}","{'0-10': 'NaN', '10-20': 'NaN', '20-30': 'NaN'}",존멋보스fan
0,2,2,1,0,1,0,591,0,0,0,0,0,77681,12533,60954,4193,0,3558,354,3043,161,3809,1,8886,2155,0,12,7,11510,2628,8814,68,5549,4475,0,0,25,79,60,0,281,10,5,0,7,2,0,0,0,0,NaN,1.3,NaN,345.9,NaN,270.8,NaN,12.400000000000006,NaN,"{'0-10': 'NaN', '10-20': 'NaN', '20-30': 'NaN'}","{'0-10': 'NaN', '10-20': 'NaN', '20-30': 'NaN'}",M1 happy ggame
1,2,1,19,2,2,1,634,1,0,0,0,0,31176,22739,6622,1815,0,3921,3475,446,0,25526,5,5732,7081,3030,80,31,6291,1143,5083,64,9157,7600,1,1,17,0,0,0,227,15,10,0,48,8,0,0,0,0,1,0,0.5,0.8,0.4,277.4,286.20000000000005,706.1,215.7,252.89999999999998,376.6,-35.2,-9.099999999999994,367.75,"{'0-10': 'NaN', '10-20': 'NaN', '20-30': 'NaN'}","{'0-10': 'NaN', '10-20': 'NaN', '20-30': 'NaN'}",외쳐주유소갓라카
0,8,7,6,2,1,3,402,0,0,0,0,0,136354,127317,8335,702,0,26732,25517,512,702,3721,1,22995,0,0,26,18,25361,8889,16180,292,12014,10210,0,0,184,5,4,1,223,15,4,0,7,5,0,0,0,0,0,0,6.9,5.9,NaN,514.1,395.79999999999995,NaN,296.9,426.1,NaN,"{'0-10': 'NaN', '10-20': 'NaN', '20-30': 'NaN'}","{'0-10': 'NaN', '10-20': 'NaN', '20-30': 'NaN'}","{'0-10': 'NaN', '10-20': 'NaN', '20-30': 'NaN'}",Cocrashol 