summonerName, win,kills,deaths,assists,largestKillingSpree,largestMultiKill,killingSprees,longestTimeSpentLiving,doubleKills,tripleKills,quadraKills,pentaKills,unrealKills,totalDamageDealt,magicDamageDealt,physicalDamageDealt,trueDamageDealt,largestCriticalStrike,totalDamageDealtToChampions,magicDamageDealtToChampions,physicalDamageDealtToChampions,trueDamageDealtToChampions,totalHeal,totalUnitsHealed,damageSelfMitigated,damageDealtToObjectives,damageDealtToTurrets,visionScore,timeCCingOthers,totalDamageTaken,magicalDamageTaken,physicalDamageTaken,trueDamageTaken,goldEarned,goldSpent,turretKills,inhibitorKills,totalMinionsKilled,neutralMinionsKilled,neutralMinionsKilledTeamJungle,neutralMinionsKilledEnemyJungle,totalTimeCrowdControlDealt,champLevel,visionWardsBoughtInGame,sightWardsBoughtInGame,wardsPlaced,wardsKilled,firstBloodKill,firstBloodAssist,firstTowerKill,firstTowerAssist,firstInhibitorKill,firstInhibitorAssist,creepsPerMinDeltas0-10,creepsPerMinDeltas10-20,creepsPerMinDeltas20-30,xpPerMinDeltas0-10,xpPerMinDeltas10-20,xpPerMinDeltas20-30,goldPerMinDeltas0-10,goldPerMinDeltas10-20,goldPerMinDeltas20-30,xpDiffPerMinDeltas0-10,xpDiffPerMinDeltas10-20,xpDiffPerMinDeltas20-30,damageTakenPerMinsDeltas0-10,damageTakenPerMinsDeltas10-20,damageTakenPerMinsDeltas20-30,damageTakenDiffPerMinsDeltas0-10,damageTakenDiffPerMinsDeltas10-20,damageTakenDiffPerMinsDeltas20-30
9Revir,0,3,7,4,3,1,1,498,0,0,0,0,0,100555,74584,18616,7354,0,14888,12464,1800,624,13164,1,17626,8723,634,36,16,31152,3647,26651,853,7762,7210,0,0,36,88,67,0,331,12,8,0,8,11,0,0,0,0,0,0,0.5,2.4,NaN,260.29999999999995,453.20000000000005,NaN,222.5,371.3,NaN,NaN,NaN,NaN,NaN,NaN,NaN,NaN,NaN,NaN
권나애,1,3,1,0,3,1,1,839,0,0,0,0,0,54692,43479,7918,3295,0,6013,5336,389,288,6441,1,2742,3495,3495,10,1,7696,2413,4983,298,6811,6675,3,0,121,0,0,0,65,11,1,0,2,1,0,0,0,0,0,0,9,NaN,506,NaN,365,NaN,54.73999999999995,NaN,NaN,NaN,NaN,NaN,NaN,NaN
하 늘 뿌,1,2,1,6,2,1,1,275,0,0,0,0,0,63846,51078,7724,5043,0,9773,7059,888,1826,1769,2,2501,561,561,21,29,6628,3278,3192,158,7168,6225,2,0,123,4,4,0,94,13,3,0,7,4,0,0,0,0,NaN,6.199999999999999,5.6,NaN,436,530.6,NaN,235.2,378.9,NaN,-34.099999999999994,133.49999999999997,NaN,NaN,NaN,NaN,NaN,NaN,NaN
maoxiandao 9,0,1,3,2,0,1,0,603,0,0,0,0,0,83674,7944,73673,2056,0,7292,1566,5269,456,3269,1,6965,3176,3176,11,6,11980,5193,6196,590,7046,5970,1,0,169,1,1,0,34,11,2,0,8,1,1,0,0,0,0,0,7.9,NaN,376.7,NaN,300.6,NaN,-15.88000000000001,NaN,NaN,NaN,NaN,NaN,NaN,NaN
F A 군면제 서폿,1,3,2,9,2,1,1,836,0,0,0,0,0,23128,14312,4913,3901,0,6315,4865,902,548,2173,5,12217,790,113,51,28,13172,6130,6924,117,7504,5900,0,0,30,0,0,0,134,13,8,0,27,4,0,0,0,0,0,1,1.2,1.7000000000000002,NaN,304.8,265.2,NaN,203.2,244.70000000000002,NaN,15.450000000000003,-33.79999999999998,NaN,NaN,NaN,NaN,NaN,NaN,NaN
emlll,0,4,4,6,2,1,1,926,0,0,0,0,0,82079,56987,22228,2862,0,10271,9036,1114,120,12605,5,42936,1053,1053,36,24,44363,25213,18139,1011,10941,9975,0,0,174,0,0,0,320,15,6,0,6,9,0,0,0,0,0,0,7.6,5.3,3.5,274.2,410.6,483.9,262.3,308.1,372.79999999999995,32.05000000000001,-115.89999999999998,-202.35000000000002,NaN,NaN,NaN,NaN,NaN,NaN
혜리누나 이쁘다,0,3,6,5,0,1,0,1249,0,0,0,0,0,142414,2341,137127,2945,333,18095,1941,15973,180,2504,3,9877,2897,192,26,54,21855,7852,13124,878,10965,11125,1,0,203,24,18,3,919,15,1,0,6,4,0,0,0,0,0,0,7.199999999999999,8.600000000000001,3.2,337.6,452.29999999999995,399.5,271.9,351.70000000000005,306.6,38.2,-28.400000000000034,-275.20000000000005,NaN,NaN,NaN,NaN,NaN,NaN
klsama,0,2,3,2,2,1,1,485,0,0,0,0,0,57061,40800,12446,3814,0,4035,3023,448,563,12522,1,6957,2996,0,10,16,15681,4504,9446,1730,5061,4700,0,0,19,64,50,0,240,8,2,0,3,1,0,0,0,0,NaN,0.1,NaN,308,NaN,286.6,NaN,-36.64000000000004,NaN,NaN,NaN,NaN,NaN,NaN,NaN
삶은 별 게 없다,1,2,1,8,2,1,1,739,0,0,0,0,0,35063,285,34003,774,286,9166,285,8685,196,12721,5,3932,5526,3458,71,15,9544,3023,6133,387,8089,7075,3,0,15,4,0,4,58,12,7,0,34,10,0,0,0,0,0,1,0,0.7999999999999999,NaN,316.5,330.70000000000005,NaN,193,346.70000000000005,NaN,50.64999999999998,-53.30000000000001,NaN,NaN,NaN,NaN,NaN,NaN,NaN
yzhsgsgsg,1,8,0,5,8,2,1,0,1,0,0,0,0,70173,48494,16915,4764,0,11953,10212,1542,198,1900,1,3350,1554,1147,15,12,8594,3525,4950,118,9028,8300,1,0,129,8,4,0,63,13,4,0,8,2,0,0,0,0,NaN,7.3,NaN,452.3,NaN,284.20000000000005,NaN,65.39999999999998,NaN,NaN,NaN,NaN,NaN,NaN,NaN
삶은 별 게 없다,1,3,6,15,0,1,0,997,0,0,0,0,0,25317,21372,2674,1270,0,13042,11173,598,1270,4849,1,9460,1186,302,53,20,22326,9015,12263,1048,8184,8025,1,0,16,0,0,0,113,14,5,0,22,8,0,0,0,0,0,0,0.3,1,0.3,285.3,429.4,520.6,160.1,329.4,277.1,-9.349999999999994,27.149999999999977,157.14999999999992,NaN,NaN,NaN,NaN,NaN,NaN
Ordinary peoples,1,13,2,9,6,2,3,932,2,0,0,0,0,211327,5268,193084,12975,755,28214,1413,25468,1332,1759,3,5035,14988,6720,35,22,11075,3668,7233,174,15196,13675,4,0,217,41,20,9,137,15,3,0,11,6,1,0,0,0,0,1,8.1,8.6,NaN,334.29999999999995,589.2,NaN,415.90000000000003,593.7,NaN,20.299999999999997,-7.649999999999977,NaN,NaN,NaN,NaN,NaN,NaN,NaN
FPXFPXFPXFPXFP,0,1,7,3,0,1,0,214,0,0,0,0,0,42740,3071,39669,0,0,10321,1641,8679,0,1323,2,5583,774,496,17,16,11002,2476,7899,626,5298,5100,0,0,107,0,0,0,114,9,0,0,5,6,0,0,0,0,NaN,4.5,NaN,254.8,NaN,240.5,NaN,-44.69999999999993,NaN,NaN,NaN,NaN,NaN,NaN,NaN
T1 allmight,0,1,5,1,0,1,0,269,0,0,0,0,0,35241,24389,10328,524,0,6981,5316,1140,524,672,1,3235,425,0,11,8,9871,5678,3989,204,4721,4325,0,0,84,4,0,0,9,11,3,0,8,0,0,0,0,0,NaN,5.5,NaN,392,NaN,215,NaN,-43.78,NaN,NaN,NaN,NaN,NaN,NaN,NaN
z08x14,0,2,6,6,0,1,0,712,0,0,0,0,0,124224,332,104241,19651,0,15039,332,10538,4168,2456,1,15970,8193,8193,13,14,22871,12589,9509,772,10161,8858,2,0,176,0,0,0,183,14,1,0,8,3,0,0,0,0,0,0,5.300000000000001,8.2,NaN,380.7,484.29999999999995,NaN,279.4,441.1,NaN,NaN,NaN,NaN,NaN,NaN,NaN,NaN,NaN,NaN
화내 지 마1,1,7,1,5,4,1,2,893,0,0,0,0,0,143679,124416,17652,1610,0,20600,17876,1613,1110,6583,1,9864,3293,2968,39,20,19416,5446,12238,1731,12698,10625,2,0,181,23,12,11,61,16,5,0,9,8,0,0,0,0,0,1,7,5,4.7,394.6,556.7,410.9,290.4,442.8,307.1,31.899999999999977,-59.60000000000002,-176,NaN,NaN,NaN,NaN,NaN,NaN
kfo,1,1,2,3,0,1,0,506,0,0,0,0,0,117731,3243,114089,397,0,9602,923,8280,397,6337,1,15917,4520,4150,13,12,19443,5818,13160,464,9145,8900,1,0,196,0,0,0,34,14,0,0,8,1,0,0,0,0,0,0,7.1,8.3,NaN,434.5,566,NaN,241.2,396.6,NaN,-33.5,-13.999999999999972,NaN,NaN,NaN,NaN,NaN,NaN,NaN
사람처럼만,1,10,3,8,4,2,4,581,2,0,0,0,0,170450,5989,151880,12580,595,30172,1979,27892,300,2828,4,13539,5845,5845,25,4,15800,4131,10743,924,13507,10750,2,0,205,13,5,8,54,17,2,0,12,5,1,0,0,0,0,1,7.1,7.5,NaN,333.9,576,NaN,351.2,458.1,NaN,-13.900000000000006,-55.849999999999994,NaN,NaN,NaN,NaN,NaN,NaN,NaN
naz미안,0,14,6,9,5,2,4,611,3,0,0,0,0,178361,8600,159948,9812,0,27039,916,23315,2807,24508,1,42999,13509,0,31,30,45577,7254,35524,2798,15319,14400,0,0,26,146,118,0,421,16,1,0,2,4,0,0,0,0,0,0,0.6,1,1,428.20000000000005,558.5999999999999,537,301.1,637.9,425.4,91.70000000000002,97.19999999999996,205.9,NaN,NaN,NaN,NaN,NaN,NaN
뿡 형,0,2,3,2,2,1,1,800,0,0,0,0,0,78362,59063,14238,5060,0,8588,7499,142,946,7674,1,9523,4037,417,20,26,18638,5446,12276,916,5972,5450,0,0,27,70,46,12,350,10,2,0,5,5,0,0,0,0,0,0,0.1,NaN,259.9,NaN,246.9,NaN,-75.94,NaN,NaN,NaN,NaN,NaN,NaN,NaN
말라질꺼야,0,3,8,0,2,2,1,334,1,0,0,0,0,57879,49370,8508,0,0,11345,10295,1049,0,0,0,6215,424,424,17,17,13552,5042,7925,584,6239,5750,0,0,116,0,0,0,206,11,6,0,11,1,0,0,0,0,NaN,7.5,NaN,468.5,NaN,321.70000000000005,NaN,-37.339999999999975,NaN,NaN,NaN,NaN,NaN,NaN,NaN
HLE Burger,0,3,8,8,0,1,0,453,0,0,0,0,0,27517,16734,4139,6643,0,8867,6659,536,1671,13157,5,23930,147,147,70,43,29340,7557,14995,6787,8069,7825,0,0,42,0,0,0,159,11,7,0,29,9,0,0,0,0,0,0,1.3,2.3,NaN,240.89999999999998,377,NaN,191.1,346.7,NaN,-32.35000000000002,118.74999999999997,NaN,NaN,NaN,NaN,NaN,NaN,NaN
KkOma21,1,6,4,18,5,1,1,696,0,0,0,0,0,156736,20560,126500,9676,0,16166,1471,14074,620,7377,1,22392,23152,440,34,17,24362,6721,17064,576,11475,9150,1,0,35,124,70,25,322,14,8,0,17,4,1,0,0,0,0,0,0.1,3,NaN,321,737.8,NaN,315.29999999999995,588.3,NaN,NaN,NaN,NaN,NaN,NaN,NaN,NaN,NaN,NaN
OZ Juhan,0,7,6,3,4,2,2,497,1,0,0,0,0,104403,89273,12572,2557,0,15333,13475,1727,130,5796,1,10481,8350,1251,16,13,22117,8175,11559,2381,10337,10100,0,0,138,16,12,4,257,14,2,0,9,3,0,0,0,0,0,0,5.5,5,NaN,428,377.7,NaN,292.5,422.7,NaN,NaN,NaN,NaN,NaN,NaN,NaN,NaN,NaN,NaN
대못 사부,1,5,4,15,2,1,2,684,0,0,0,0,0,119483,17098,94998,7386,0,11145,1466,9030,648,5364,1,19288,13303,275,33,17,21425,4647,15853,923,8968,8760,0,0,36,101,59,20,424,13,8,0,13,5,0,0,0,0,NaN,0.7,2.3,NaN,285.9,641.2,NaN,229,493.5,NaN,NaN,NaN,NaN,NaN,NaN,NaN,NaN,NaN,NaN
R0KI ROKI,0,5,9,19,2,1,1,460,0,0,0,0,0,149708,49958,88271,11478,0,17040,3256,12807,976,8423,1,54220,13831,39,73,29,42528,13740,26292,2495,14150,13025,0,0,40,138,80,23,292,18,7,0,8,22,0,0,0,0,0,1,0.4,1,1,300.9,523.3,534.1,226.2,349.7,410.5,-82.1,40.50000000000003,-169.3,NaN,NaN,NaN,NaN,NaN,NaN
캐 인,1,5,4,13,2,2,2,695,1,0,0,0,0,134259,18139,114069,2050,0,18355,3434,14921,0,11755,1,20532,7589,6160,30,12,31083,11673,18453,956,12128,10325,3,1,169,2,2,0,132,16,4,0,13,12,0,0,0,0,0,0,4.1000000000000005,6.300000000000001,6.3,373.7,488.6,681.6,198.89999999999998,487.70000000000005,457.9,-51.39999999999999,-9,270.1,NaN,NaN,NaN,NaN,NaN,NaN
congtouzaiIai ,0,4,4,2,2,1,1,323,0,0,0,0,0,80127,922,78669,536,0,8657,839,7281,536,1862,1,6568,964,964,10,96,14255,5024,8580,650,7508,7175,1,0,136,4,0,4,198,12,2,0,3,4,0,0,0,0,0,0,5.9,NaN,450.4,NaN,249.39999999999998,NaN,-65.98000000000008,NaN,NaN,NaN,NaN,NaN,NaN,NaN
삶은 별 게 없다,1,1,3,4,0,1,0,419,0,0,0,0,0,8969,4168,3242,1558,0,2015,963,1051,0,938,3,4078,1922,1922,10,8,4557,555,2947,1054,4304,3800,1,1,11,0,0,0,24,6,2,0,3,1,0,0,0,0,0,0,1,NaN,250.20000000000002,NaN,257.9,NaN,123.89999999999998,NaN,NaN,NaN,NaN,NaN,NaN,NaN
gpdltmxm,0,1,6,11,0,1,0,556,0,0,0,0,0,12434,4861,3754,3818,0,4660,3079,1239,342,1282,4,17278,0,0,44,28,14380,4551,7760,2068,5992,5925,0,0,24,0,0,0,90,11,7,0,24,3,0,0,0,0,0,0,1,1.4000000000000001,NaN,275.3,423.2,NaN,204.2,254.39999999999998,NaN,NaN,NaN,NaN,NaN,NaN,NaN,NaN,NaN,NaN
이기는싸움안망침,0,5,2,1,2,1,2,448,0,0,0,0,0,116289,75637,27943,12708,0,6688,5522,878,288,7736,1,9908,29515,421,27,0,16438,4880,11320,237,7770,7770,0,0,19,86,57,0,94,12,2,0,10,4,0,0,0,1,NaN,0.5,1.4,NaN,339,514.8,NaN,311,403.9,NaN,-99,-270.6,NaN,NaN,NaN,NaN,NaN,NaN,NaN
삶은 별 게 없다,1,0,1,5,0,0,0,355,0,0,0,0,0,18721,8669,5386,4665,0,3639,2583,1055,0,4430,5,4093,524,524,17,23,6663,2830,3680,152,4313,3150,0,0,28,0,0,0,66,9,2,0,7,3,0,0,0,0,NaN,1.6,NaN,288,NaN,163.3,NaN,14.420000000000016,NaN,NaN,NaN,NaN,NaN,NaN,NaN
Noblesse Noir,0,3,6,12,2,2,1,394,1,0,0,0,0,172568,2640,151670,18258,860,20944,979,19934,30,1933,3,8768,10231,3741,35,9,12624,4121,7984,517,11780,10650,2,0,206,12,10,0,178,15,4,0,12,8,0,0,0,0,0,0,6.6,7,NaN,301.7,527.6,NaN,243.2,449.8,NaN,NaN,NaN,NaN,NaN,NaN,NaN,NaN,NaN,NaN
그브세나그브세나,1,7,2,5,4,1,2,678,0,0,0,0,0,272831,8388,247911,16532,0,13323,608,11669,1045,8541,1,12903,48720,4151,25,12,18353,7596,10295,462,14210,13130,4,1,84,195,101,37,592,18,3,0,9,2,0,0,0,0,1,0,2.2,4.4,NaN,560.5,905.1,NaN,369.4,750.2,NaN,215.4,225.8,NaN,NaN,NaN,NaN,NaN,NaN,NaN
나는 테디다,0,8,5,8,3,2,3,576,1,0,0,0,0,121855,98785,12673,10396,0,27886,22111,2320,3455,2926,2,7562,4701,1349,25,35,17908,4283,13192,433,11382,11165,0,0,172,16,16,0,211,14,3,0,11,1,0,0,0,0,0,0,6.7,6.5,NaN,443.09999999999997,461.4,NaN,318.5,471.09999999999997,NaN,56.79999999999998,-97.4,NaN,NaN,NaN,NaN,NaN,NaN,NaN
내가 뭘 하는건지,0,5,11,14,2,1,1,682,0,0,0,0,0,187952,176703,5624,5625,0,32533,31845,434,254,12485,1,36826,4465,2054,31,36,50099,18144,29624,2329,13353,12850,0,0,209,16,16,0,493,18,4,0,17,5,0,0,0,0,0,1,5.9,7.2,3.7,403.4,473.1,348,312.20000000000005,381.5,264.2,NaN,NaN,NaN,NaN,NaN,NaN,NaN,NaN,NaN
마려운남자,0,7,3,6,4,3,2,986,1,1,0,0,0,190588,151761,25072,13754,0,15073,12340,1818,913,18672,5,14015,28626,1083,22,3,22191,6584,14849,757,12344,12010,2,0,38,156,107,13,190,14,5,0,9,3,0,0,0,0,0,0,0.30000000000000004,2.4000000000000004,1.1,368.29999999999995,585.3,317,482.2,455.1,240.2,NaN,NaN,NaN,NaN,NaN,NaN,NaN,NaN,NaN
삶은 별 게 없다,0,2,6,5,0,1,0,438,0,0,0,0,0,15521,0,15513,8,204,5973,0,5973,0,4250,5,4848,0,0,29,25,10760,3050,7131,579,5041,4735,0,0,13,1,0,0,88,10,8,0,21,3,0,0,0,0,0,0,0.1,1.2,NaN,267.9,370.79999999999995,NaN,186.39999999999998,266.5,NaN,NaN,NaN,NaN,NaN,NaN,NaN,NaN,NaN,NaN
혜요 fan,0,2,5,4,0,1,0,474,0,0,0,0,0,116740,19597,88014,9129,0,6940,968,5734,237,6361,1,22035,15219,114,28,12,22124,6231,15386,506,9101,8775,0,0,21,105,64,16,345,13,10,0,18,6,0,0,0,0,0,0,0.8,0.1,NaN,303,397,NaN,248.9,362.1,NaN,NaN,NaN,NaN,NaN,NaN,NaN,NaN,NaN,NaN
홍삼맛 딸기우유,0,2,1,4,0,1,0,1657,0,0,0,0,0,38211,21815,8483,7911,0,6490,5295,721,474,5483,8,12277,3909,1147,79,13,13945,4760,8312,872,8327,8075,0,0,36,0,0,0,173,12,11,0,36,8,0,0,0,1,0,0,1.2,1.3,1.1,298.3,325.3,281.9,159.9,266.6,312.3,12.900000000000034,-36.099999999999966,-216.15,NaN,NaN,NaN,NaN,NaN,NaN
AF 으아아앙,0,2,5,0,0,1,0,248,0,0,0,0,0,41167,2063,38828,276,0,4749,263,4210,276,0,0,3086,0,0,12,0,6574,2276,4027,269,5104,4300,0,0,106,0,0,0,4,10,2,0,7,3,0,0,0,0,NaN,7.300000000000001,NaN,429.4,NaN,315.9,NaN,-94.63999999999999,NaN,NaN,NaN,NaN,NaN,NaN,NaN
Hinu,0,5,4,2,3,1,2,774,0,0,0,0,0,156528,0,135850,20677,0,19783,0,17668,2114,3209,1,33306,7240,3357,29,38,31184,8855,21432,896,11623,11725,1,0,219,8,3,0,340,16,3,0,11,4,0,0,0,0,0,0,7.2,7,7.699999999999999,491.6,471.1,571,323.4,381.2,406.20000000000005,126.30000000000001,33.30000000000001,-204.59999999999997,NaN,NaN,NaN,NaN,NaN,NaN
키173cm체중42kg,1,4,7,14,2,1,1,297,0,0,0,0,0,163463,89001,61011,13450,0,17039,7736,8183,1119,14182,1,26996,29246,1472,28,10,32621,5743,26715,162,10610,8275,2,0,42,126,58,25,219,15,3,0,3,7,0,0,0,0,0,0,0,2.4,NaN,263.9,649.6,NaN,256.6,452.9,NaN,-5.299999999999997,314.9,NaN,NaN,NaN,NaN,NaN,NaN,NaN
아라드,0,7,4,2,4,2,2,593,1,0,0,0,0,83961,4785,78269,906,692,14077,1701,12165,210,4198,9,5644,2269,2269,12,5,14847,3375,11423,48,9663,9775,1,0,146,12,4,4,78,11,3,0,10,0,0,0,0,0,NaN,7,7.1,NaN,377,381.7,NaN,373.5,471.1,NaN,NaN,NaN,NaN,NaN,NaN,NaN,NaN,NaN,NaN
please help me1,0,8,3,7,5,2,2,1102,1,0,0,0,0,208948,193050,8063,7834,0,29141,27707,344,1090,12790,1,13950,24236,1320,33,26,25069,8611,16265,192,12389,12025,1,0,39,153,120,4,196,15,10,0,13,15,0,0,0,0,0,1,0.1,0.8,1.9,438.90000000000003,465.9,383.5,369.1,384.6,302.9,-14.19999999999996,-2.799999999999983,-107.30000000000001,NaN,NaN,NaN,NaN,NaN,NaN
나는 테디다,1,4,0,5,4,1,1,0,0,0,0,0,0,60036,106,59355,574,0,6700,106,6533,60,1867,1,2232,4394,3091,11,5,5912,3011,2689,212,8423,5775,1,0,136,4,1,0,170,10,1,0,6,2,0,0,0,1,NaN,7.2,NaN,306.1,NaN,320.6,NaN,24.22,NaN,NaN,NaN,NaN,NaN,NaN,NaN
Mr Humble,1,9,8,4,3,2,2,729,1,0,0,0,0,144305,718,111511,32075,0,22909,718,16345,5845,3425,1,29319,7884,2495,36,21,27407,7122,19549,735,14529,13283,2,2,196,4,0,0,133,16,2,0,12,7,1,0,0,0,0,0,7.9,6.2,5,464.8,387.2,626.9000000000001,332.4,424.29999999999995,538.3,NaN,NaN,NaN,NaN,NaN,NaN,NaN,NaN,NaN
cherish1124,1,5,1,20,4,1,1,328,0,0,0,0,0,49618,0,49208,410,341,12108,0,12046,62,11838,5,6682,9032,3924,75,22,8873,4684,3894,294,10573,11270,1,0,39,6,0,0,114,14,12,0,32,20,0,0,0,1,0,1,0.4,2.3,NaN,286.5,508.7,NaN,244.8,466.5,NaN,32,99.65,NaN,NaN,NaN,NaN,NaN,NaN,NaN
달성서씨서예성,0,3,4,7,2,1,1,878,0,0,0,0,0,36461,671,22464,13325,0,13098,671,7320,5106,3018,1,16980,3107,0,73,25,25331,12762,12124,443,7876,7105,0,0,43,0,0,0,76,13,11,0,31,9,0,0,0,0,0,0,2.2,1.7,NaN,238.39999999999998,392.5,NaN,216.2,287.4,NaN,34.89999999999999,-130.04999999999995,NaN,NaN,NaN,NaN,NaN,NaN,NaN
Land of Glory,0,7,5,3,4,2,2,884,1,0,0,0,0,183806,149631,22416,11759,0,18246,16433,939,873,15724,5,10939,27360,970,56,3,24783,9814,14826,142,12008,11100,2,0,25,165,85,40,164,15,4,0,17,10,1,0,1,0,0,0,0.4,0.9,NaN,427.1,444.4,NaN,355.4,426.8,NaN,98.7,-70.39999999999998,NaN,NaN,NaN,NaN,NaN,NaN,NaN
전혀 희망 없어요,0,2,2,4,2,2,1,1218,1,0,0,0,0,96249,82738,7591,5919,0,12490,11465,0,1024,5008,1,9822,5796,5558,14,12,19286,5370,13609,306,8906,8450,2,0,148,16,16,0,226,13,2,0,6,2,0,0,0,0,0,0,6.9,5.3,NaN,417.2,549.8,NaN,238.10000000000002,427,NaN,-17.900000000000006,144.4,NaN,NaN,NaN,NaN,NaN,NaN,NaN
삶은 별 게 없다,0,1,4,7,0,1,0,569,0,0,0,0,0,26702,10814,9577,6309,0,3809,2129,1525,154,6755,5,10945,1386,764,40,17,13116,2825,9556,734,6007,5775,0,0,29,0,0,0,74,10,9,0,21,6,0,0,0,1,0,0,1.1,1.5,NaN,263.9,292.4,NaN,221,237.2,NaN,56.900000000000006,-104.44999999999999,NaN,NaN,NaN,NaN,NaN,NaN,NaN
닝낑옹씨,0,9,16,19,0,1,0,180,0,0,0,0,0,139264,137244,852,1166,0,34282,32936,179,1166,574,1,18001,1178,1178,0,111,31968,23020,6874,2073,16527,14250,0,0,106,0,NaN,3.3,4.800000000000001,NaN,634.9,1179.4,NaN,463.6,615.9,NaN,NaN,NaN,NaN,NaN,NaN,NaN,NaN,NaN,NaN
허리펴라나훈아,0,2,3,16,0,1,0,639,0,0,0,0,0,66266,1597,50169,14500,373,10859,556,10303,0,13096,5,6736,974,974,0,42,15440,11251,4138,50,10348,9060,0,0,49,0,NaN,2.4000000000000004,NaN,666.8,NaN,441.6,NaN,5.500000000000028,NaN,NaN,NaN,NaN,NaN,NaN,NaN
독영이,1,9,11,20,4,3,3,212,1,1,0,0,0,127998,8094,119674,230,647,30605,1908,28466,230,2227,1,12290,1286,1286,0,1,29702,20582,8431,688,14202,11350,1,0,88,0,NaN,3.3000000000000003,3.8,NaN,669.9000000000001,944.0999999999999,NaN,525.8,501.7,NaN,NaN,NaN,NaN,NaN,NaN,NaN,NaN,NaN,NaN
Yunqi,0,6,12,5,3,2,1,302,1,0,0,0,0,94614,18073,72907,3633,375,17725,2473,14288,963,10060,17,12059,10707,312,16,7,25676,7557,17409,709,8852,8500,0,0,14,74,28,26,171,12,3,0,3,6,0,0,0,0,0,0,0.4,0.7999999999999999,NaN,281.6,363,NaN,293.9,408.6,NaN,24.19999999999999,-319,NaN,NaN,NaN,NaN,NaN,NaN,NaN
죽이지 마라1,1,4,9,3,2,2,1,370,1,0,0,0,0,120465,0,115928,4537,0,24235,0,24108,127,10624,1,20066,8029,1143,27,27,31515,6532,21564,3418,9118,8355,0,0,137,19,8,1,215,14,1,0,9,2,0,0,0,0,0,0,7.1,5.6,NaN,463.4,420.3,NaN,289.3,397.6,NaN,NaN,NaN,NaN,NaN,NaN,NaN,NaN,NaN,NaN
혜요 fan,1,2,1,8,0,1,0,812,0,0,0,0,0,152658,102859,34345,15453,0,8057,6851,664,541,10752,1,8619,46921,2537,54,19,18273,5008,12986,278,10097,8825,1,1,24,143,63,21,140,14,7,0,18,11,0,0,0,1,0,1,0.3,1.4,NaN,292.7,507,NaN,245.6,444,NaN,37.699999999999974,145.70000000000002,NaN,NaN,NaN,NaN,NaN,NaN,NaN
사그파,0,1,4,3,0,1,0,822,0,0,0,0,0,77012,2607,74404,0,668,6579,346,6233,0,1694,3,5072,852,852,22,19,10737,2715,7961,60,8121,7950,0,0,163,0,0,0,31,12,0,0,6,6,0,0,0,0,0,0,7.4,7.1,NaN,287.9,433.3,NaN,245.3,400.7,NaN,-18.900000000000006,-79.94999999999999,NaN,NaN,NaN,NaN,NaN,NaN,NaN
Afreeca Spirit,0,4,6,2,3,2,1,432,1,0,0,0,0,136276,122917,6834,6525,0,14299,13054,394,851,5621,1,6815,13035,203,16,11,16699,5364,10980,353,8726,8500,0,0,40,113,80,5,109,13,2,0,5,2,0,0,0,0,NaN,0.6,3.4,NaN,447,591.4,NaN,333.4,486.6,NaN,65.29999999999998,-120.10000000000002,NaN,NaN,NaN,NaN,NaN,NaN,NaN
Sei2e the day,1,3,0,13,3,1,1,1372,0,0,0,0,0,23996,18588,4579,828,0,9435,7821,786,828,3959,4,5479,3630,1794,50,15,6945,2669,4251,24,7929,6400,0,2,30,0,0,0,98,13,6,0,21,7,0,0,0,0,0,0,2.2,0.7,NaN,343,454.59999999999997,NaN,306.1,324.2,NaN,22.950000000000003,-35.55000000000001,NaN,NaN,NaN,NaN,NaN,NaN,NaN
앨리먼트 미스틱,1,9,2,9,4,2,2,399,1,0,0,0,0,166998,137382,22137,7478,0,14487,12923,1122,441,15548,5,12413,26695,2810,35,1,19827,4279,15495,52,11188,9575,2,0,25,151,76,40,86,14,3,0,16,11,1,0,0,0,NaN,0.30000000000000004,1.9,NaN,445.9,549,NaN,445.8,512.4,NaN,NaN,NaN,NaN,NaN,NaN,NaN,NaN,NaN,NaN
때 훈,1,0,2,3,0,0,0,860,0,0,0,0,0,49936,2361,44854,2720,494,3444,395,3049,0,824,1,2483,1100,1100,6,13,6025,2187,3536,300,5602,5550,0,0,130,0,0,0,27,9,0,0,5,0,0,0,0,0,NaN,7.199999999999999,NaN,294.2,NaN,269.7,NaN,64.12,NaN,NaN,NaN,NaN,NaN,NaN,NaN
샌드위치아티스트,1,14,7,9,6,2,4,650,3,0,0,0,0,231928,46269,184128,1530,0,37151,8338,27922,890,7118,1,36887,18963,4207,26,22,36736,6128,29951,656,17751,15358,1,0,238,20,4,12,125,18,7,0,10,3,0,0,0,0,0,0,4.9,7.8,9,450.3,641,920.9,271,520.5,656.6,-10.599999999999994,264.5,245.89999999999998,NaN,NaN,NaN,NaN,NaN,NaN
용맹정진,1,6,4,9,3,1,2,776,0,0,0,0,0,115029,62,113591,1376,0,19931,12,19255,664,13490,1,23146,8628,1393,22,25,34484,11380,18866,4236,11013,9375,0,0,137,19,4,10,368,17,1,0,11,4,0,0,0,0,0,0,4.5,3.9000000000000004,4.6,516,430.1,589.7,265.5,338.9,349.5,NaN,NaN,NaN,NaN,NaN,NaN,NaN,NaN,NaN
tiancaipaidaxing,1,11,3,5,7,3,2,451,1,1,0,0,0,163655,5707,143614,14334,353,14784,809,12926,1048,10932,1,14653,34336,2440,29,19,20716,6182,13450,1083,13282,11285,2,0,58,125,76,25,437,15,6,0,7,6,1,0,1,0,NaN,1.3,2.2,NaN,344.6,532.4,NaN,350.7,439.2,NaN,1.4000000000000057,75.89999999999998,NaN,NaN,NaN,NaN,NaN,NaN,NaN
삶은 별 게 없다,1,0,3,10,0,0,0,228,0,0,0,0,0,28869,11326,10548,6994,0,3922,2510,1411,0,13719,5,11613,3694,1942,59,23,13271,3713,9227,331,7539,7075,0,1,37,4,4,0,66,13,7,0,31,6,0,0,0,0,1,0,1.4,1.6,NaN,232.60000000000002,377.7,NaN,171.60000000000002,264.4,NaN,NaN,NaN,NaN,NaN,NaN,NaN,NaN,NaN,NaN
딩거개충새기,1,6,0,1,6,1,1,0,0,0,0,0,0,97243,86630,7581,3031,0,10892,9881,1011,0,2042,1,3347,10289,10289,13,14,5413,1711,3423,277,9850,7975,3,0,150,8,8,0,126,12,3,0,7,1,1,0,1,0,NaN,9.4,NaN,586.8,NaN,501.2,NaN,79.26000000000005,NaN,NaN,NaN,NaN,NaN,NaN,NaN
나잘취하고자취함,0,3,6,9,3,2,1,722,1,0,0,0,0,21957,11084,6464,4408,0,4658,3425,611,620,3178,1,26222,2222,918,76,13,19897,6426,12626,844,7603,7525,0,0,32,0,0,0,70,13,7,0,32,8,0,0,0,0,0,0,1.3,1.2,0.7,303.7,305.9,494,157.5,211.5,338.6,-40.150000000000006,-130.4,47.14999999999998,NaN,NaN,NaN,NaN,NaN,NaN
블라블라블라숑,1,16,3,10,7,3,3,912,3,2,0,0,0,166873,2682,162889,1302,707,26194,1709,24183,302,3803,3,11678,16969,13877,12,17,15057,263,11502,3292,15314,11125,3,1,176,20,12,6,197,14,1,0,5,1,0,0,1,0,1,0,6.4,7.6,NaN,342.9,556.2,NaN,382.6,647.5,NaN,NaN,NaN,NaN,NaN,NaN,NaN,NaN,NaN,NaN
mulmando,0,3,6,2,2,1,1,321,0,0,0,0,0,79144,16982,56916,5245,0,5978,795,4913,269,4616,1,12455,3885,0,16,12,17707,5549,11338,819,6404,5375,0,0,12,67,47,0,359,10,4,0,9,2,1,0,0,0,NaN,0.1,1.1,NaN,257.1,384,NaN,220.9,366.79999999999995,NaN,-167.49999999999994,-226.90000000000003,NaN,NaN,NaN,NaN,NaN,NaN,NaN
626626626,0,11,5,4,7,2,2,732,1,0,0,0,0,153272,118438,20382,14450,0,18661,16787,979,894,15120,5,14606,37933,110,41,4,24847,5209,19199,437,12616,12525,1,0,24,127,79,12,81,14,7,0,18,7,0,0,0,0,0,0,0.5,1,NaN,315.3,541.2,NaN,248.5,553.9,NaN,1.9000000000000057,-3.8000000000000114,NaN,NaN,NaN,NaN,NaN,NaN,NaN
washed up jg,0,2,8,4,2,1,1,353,0,0,0,0,0,84238,62070,15964,6203,0,6570,5999,209,361,10039,1,11238,2867,0,13,11,25933,6066,19247,619,6614,6235,0,0,19,77,65,0,310,12,4,0,4,1,0,0,0,0,0,0,0.5,1.4,NaN,273.3,609.3,NaN,226.3,375.9,NaN,-308.09999999999997,-105.5,NaN,NaN,NaN,NaN,NaN,NaN,NaN
HLE Haru,1,10,3,16,5,3,3,431,1,1,0,0,0,150795,70220,68256,12318,16,17507,7837,8343,1326,10038,5,41931,29269,888,30,34,31423,10102,20853,468,12849,12120,2,0,27,120,66,12,736,15,8,0,10,4,0,0,0,1,0,0,0.2,1,NaN,358.20000000000005,566.5999999999999,NaN,316.3,574.9000000000001,NaN,NaN,NaN,NaN,NaN,NaN,NaN,NaN,NaN,NaN
BOT08WH ,0,1,6,8,0,1,0,393,0,0,0,0,0,31290,13045,12267,5977,0,7566,4321,1926,1318,3107,4,31795,4598,3457,77,41,18846,2723,14272,1850,8409,8400,3,0,38,4,0,0,242,12,18,0,42,8,0,0,0,0,0,0,1.1,1.8,0.8999999999999999,278.29999999999995,355.6,256.9,202.89999999999998,317.4,238.3,38.14999999999999,18.650000000000006,-252.04999999999998,NaN,NaN,NaN,NaN,NaN,NaN
yasuozhenkuaile,0,1,3,0,0,1,0,205,0,0,0,0,0,5216,1920,1767,1528,0,1940,1534,370,36,1827,2,1163,0,0,2,2,2503,971,1171,360,2701,1950,0,0,1,0,0,0,18,5,1,0,1,0,0,0,0,0,0,0,0.1,NaN,200.3,NaN,190.7,NaN,-166.27999999999997,NaN,NaN,NaN,NaN,NaN,NaN,NaN
acting dumb,0,3,5,2,2,2,1,692,1,0,0,0,0,41562,33786,2381,5395,0,12576,12347,229,0,1705,1,10771,1894,524,67,18,15923,7252,8283,388,6975,7010,0,0,43,0,0,0,168,10,11,0,37,13,0,0,0,1,0,0,1.3,1.9000000000000001,NaN,246.39999999999998,239.70000000000002,NaN,234.9,261.9,NaN,NaN,NaN,NaN,NaN,NaN,NaN,NaN,NaN,NaN
AF HamBak ,1,10,8,11,5,3,3,638,1,1,0,0,0,197855,44820,147601,5433,0,20877,2336,17851,689,9065,1,50974,21995,542,48,18,41452,7490,28979,4982,15725,14200,0,0,73,123,74,8,409,18,9,0,18,9,0,0,0,0,0,0,0.3,0.2,2.8000000000000003,291.79999999999995,512.6,454.29999999999995,286.1,381.1,455.7,-62.10000000000002,-67.80000000000004,-55.50000000000003,NaN,NaN,NaN,NaN,NaN,NaN
명구리버드,1,3,0,7,3,1,1,0,0,0,0,0,0,65396,46896,16126,2373,0,7993,5711,2191,90,1420,1,10066,1114,1114,18,37,6430,2595,3493,340,6738,5160,0,1,130,5,4,1,425,12,3,0,8,0,0,0,0,0,1,0,6.7,NaN,462.2,NaN,296.2,NaN,70.09999999999997,NaN,NaN,NaN,NaN,NaN,NaN,NaN
xin shang ren,0,2,2,11,2,1,1,999,0,0,0,0,0,158687,135610,19450,3627,0,18286,14238,3168,880,6778,1,13232,4381,3212,15,17,19619,3583,15307,728,10171,9950,1,0,195,8,8,0,368,15,2,0,5,1,0,0,0,0,0,0,5.5,8.3,NaN,456.5,541.1,NaN,314.7,411.3,NaN,NaN,NaN,NaN,NaN,NaN,NaN,NaN,NaN,NaN
DRX Pyosik,1,6,3,9,4,1,2,698,0,0,0,0,0,235000,43889,178936,12174,543,22226,4190,16469,1567,16049,10,15962,30313,1897,28,8,31117,6752,22829,1535,13441,9850,1,0,32,193,131,17,242,17,5,0,7,5,0,0,0,0,0,0,0.2,0.7,NaN,373.4,551.9000000000001,NaN,294,446.2,NaN,40.19999999999999,-48.49999999999997,NaN,NaN,NaN,NaN,NaN,NaN,NaN
HLE Mulkeong,0,4,5,3,2,2,1,200,1,0,0,0,0,73262,12657,54310,6294,0,6065,901,4752,411,4197,1,11263,6166,0,9,8,14660,2961,11637,62,5963,5575,0,0,13,67,56,0,246,9,4,0,7,1,0,0,0,0,NaN,0.7,NaN,370.9,NaN,354.5,NaN,-43.620000000000005,NaN,NaN,NaN,NaN,NaN,NaN,NaN
Yuko Amamiya,0,3,6,2,0,1,0,683,0,0,0,0,0,134366,0,133881,484,0,9929,0,9445,484,2669,1,30393,3210,827,31,17,34614,13873,18954,1786,11362,10755,0,0,221,0,0,0,97,17,3,0,15,4,0,0,0,0,0,0,7.7,7.2,5.4,406.6,542.6,501.1,285.3,348.4,290.4,NaN,NaN,NaN,NaN,NaN,NaN,NaN,NaN,NaN
개조형 파진포LV7,0,6,6,7,3,1,1,780,0,0,0,0,0,214378,185158,18880,10339,0,24633,22245,373,2014,12981,1,14121,18254,1638,93,14,31238,14061,16098,1078,13567,13200,0,0,70,170,102,36,606,16,14,0,38,18,0,0,0,0,0,0,2.1,2.3,2.2,451,480.4,426,373.70000000000005,385.29999999999995,368.3,178,40.400000000000006,-171.59999999999997,NaN,NaN,NaN,NaN,NaN,NaN
전민혁,0,2,6,3,0,1,0,501,0,0,0,0,0,132277,2268,130008,0,0,9505,1228,8277,0,4912,1,21085,1183,126,25,13,29650,12374,15985,1290,9268,10820,0,0,174,18,11,0,46,14,1,0,10,3,0,0,0,0,0,0,6.4,5.800000000000001,3.6,443.2,407.7,350.9,262.79999999999995,290.4,249.7,-29.400000000000006,23.69999999999996,-40.799999999999955,NaN,NaN,NaN,NaN,NaN,NaN
yulia,0,1,7,4,0,1,0,210,0,0,0,0,0,48924,35716,9289,3918,0,3063,2404,615,43,325,1,5519,0,0,15,14,11304,2907,6609,1787,5679,6300,0,0,104,1,1,0,321,11,4,0,10,0,0,0,0,0,0,0,3.6999999999999997,6.699999999999999,NaN,245.4,568.5,NaN,181.6,331.2,NaN,NaN,NaN,NaN,NaN,NaN,NaN,NaN,NaN,NaN
happy game8,0,2,2,5,2,1,1,1615,0,0,0,0,0,146518,0,111263,35254,0,12743,0,8340,4402,3370,1,35301,4617,3274,20,24,27687,11095,16249,342,11249,11175,1,0,222,4,4,0,347,16,1,0,11,3,0,0,0,0,NaN,7.5,5.8,7.3,460.7,511.79999999999995,477.8,247.8,404.40000000000003,343.70000000000005,38,80.1,-41.70000000000002,NaN,NaN,NaN,NaN,NaN,NaN
삶은 별 게 없다,1,0,0,4,0,0,0,0,0,0,0,0,0,10149,8350,1618,180,0,3328,2656,492,180,239,1,526,1330,1330,17,8,1573,142,1280,150,3688,2435,0,1,1,0,0,0,99,6,2,0,9,1,0,0,0,0,0,0,0,NaN,245.9,NaN,201.2,NaN,127.80000000000007,NaN,NaN,NaN,NaN,NaN,NaN,NaN
xhzy  미소 ,0,1,3,4,0,1,0,344,0,0,0,0,0,55626,4559,49301,1765,0,5527,1794,3733,0,1127,3,3342,909,0,10,0,7886,2737,4849,300,5895,4375,0,0,125,4,1,0,0,9,1,0,5,1,0,0,0,0,NaN,6.8,NaN,292.3,NaN,303.1,NaN,-11.760000000000005,NaN,NaN,NaN,NaN,NaN,NaN,NaN
삶은 별 게 없다,0,2,2,0,2,1,1,741,0,0,0,0,0,17341,5375,6567,5398,0,2754,1301,1452,0,3089,4,7591,0,0,42,9,8351,1529,6610,211,5462,4850,0,0,27,0,0,0,40,11,8,0,21,2,0,0,0,0,NaN,1.2000000000000002,1.3,NaN,223.3,384,NaN,207.8,215.8,NaN,NaN,NaN,NaN,NaN,NaN,NaN,NaN,NaN,NaN
  I LIKE Y0U,1,2,3,16,2,1,1,719,0,0,0,0,0,22433,8492,7330,6610,0,7136,4114,2248,774,1468,1,16648,1955,1302,35,36,11653,2512,7512,1628,7405,6875,0,0,31,0,0,0,60,13,9,0,24,4,0,0,0,0,0,0,1.5,1.3,NaN,308.3,320.6,NaN,173.3,274.2,NaN,31.600000000000023,-32.900000000000034,NaN,NaN,NaN,NaN,NaN,NaN,NaN
MCX Bruce,0,3,6,3,0,1,0,415,0,0,0,0,0,102508,1553,98570,2385,700,18992,443,18548,0,1430,3,7529,2214,1015,17,4,11957,3625,7776,556,10000,9825,0,0,202,1,1,0,81,12,3,0,9,6,0,0,0,0,0,0,8,10,NaN,282.4,482.79999999999995,NaN,274.6,491.1,NaN,-27.65000000000002,-85.44999999999999,NaN,NaN,NaN,NaN,NaN,NaN,NaN
top2v1,1,4,3,4,2,2,2,865,1,0,0,0,0,61413,14229,47074,110,0,8392,2508,5773,110,2744,1,8503,2979,2979,15,8,13900,5296,8236,368,8746,8508,0,0,116,13,5,0,68,13,2,0,7,1,0,0,0,0,0,0,6.300000000000001,5.199999999999999,NaN,436.5,478.70000000000005,NaN,295.29999999999995,425.1,NaN,NaN,NaN,NaN,NaN,NaN,NaN,NaN,NaN,NaN
Mental 12345,1,1,1,4,0,1,0,295,0,0,0,0,0,81695,24485,46483,10726,0,4187,2122,1436,628,3840,1,4537,15098,0,18,9,9096,1069,8012,14,5926,4900,1,0,16,91,46,8,522,10,2,0,6,2,0,0,0,0,NaN,0.5,NaN,362.6,NaN,269.79999999999995,NaN,17.299999999999926,NaN,NaN,NaN,NaN,NaN,NaN,NaN
GCA Star,0,6,8,5,2,1,1,356,0,0,0,0,0,148471,0,142620,5851,0,22186,0,21538,648,12980,1,29424,1495,818,27,21,35782,13660,18486,3635,11849,11375,0,0,179,24,19,0,245,16,3,0,11,2,0,0,0,1,0,0,4.5,7.4,NaN,385.3,620,NaN,268,482.5,NaN,NaN,NaN,NaN,NaN,NaN,NaN,NaN,NaN,NaN
롤은상체겜이야,1,1,3,8,0,1,0,577,0,0,0,0,0,14846,97,9329,5419,0,4399,97,3507,794,1152,1,5578,1815,1174,32,17,8983,2541,5697,744,6023,5525,1,0,25,1,0,0,54,9,5,0,15,2,0,0,0,0,0,1,1.2,NaN,271.9,NaN,196.7,NaN,36.25999999999996,NaN,NaN,NaN,NaN,NaN,NaN,NaN
탑신병자 김용민,0,0,6,2,0,0,0,189,0,0,0,0,0,51550,6956,44594,0,0,4216,1395,2821,0,1273,1,6194,532,532,9,6,11139,3064,7951,124,5098,4858,0,0,110,4,4,0,37,10,1,0,6,1,0,0,0,0,NaN,5.4,NaN,350.4,NaN,231.2,NaN,-61.76000000000002,NaN,NaN,NaN,NaN,NaN,NaN,NaN
xybq,1,4,2,6,3,1,1,506,0,0,0,0,0,62127,34129,24647,3350,0,7786,4345,3441,0,3878,3,6191,2787,1837,16,6,8411,811,6409,1190,7044,6715,1,0,87,16,12,1,215,11,2,0,5,1,0,0,0,0,NaN,3.6,NaN,388,NaN,298.8,NaN,72.57999999999994,NaN,NaN,NaN,NaN,NaN,NaN,NaN
T1 Oner,1,4,2,4,3,1,1,559,0,0,0,0,0,155170,103048,36772,15348,0,7007,5565,691,750,9351,1,7101,47197,3882,51,14,17455,4054,12237,1163,10203,10100,4,0,25,128,77,22,171,14,6,0,17,10,0,0,1,0,0,1,0.5,1.4000000000000001,NaN,351.9,437.1,NaN,269.70000000000005,457.5,NaN,35.900000000000006,-51.99999999999997,NaN,NaN,NaN,NaN,NaN,NaN,NaN
FA Chimin,1,4,4,13,2,1,1,362,0,0,0,0,0,86685,4371,71846,10467,0,9357,179,6299,2878,6272,1,8534,9636,3368,21,21,13630,2284,11184,162,8265,7100,2,0,18,92,41,17,187,11,3,0,3,5,0,0,1,0,NaN,0,1.8,NaN,316.6,485.1,NaN,301.3,431.5,NaN,10.900000000000006,-4.400000000000034,NaN,NaN,NaN,NaN,NaN,NaN,NaN
Aamina,0,0,3,2,0,0,0,346,0,0,0,0,0,23833,557,23275,0,327,5058,532,4525,0,634,3,2387,432,432,8,5,5285,1302,3982,0,3785,3325,0,0,83,0,0,0,30,7,1,0,5,2,0,0,0,0,0,0,6.1,NaN,239.6,NaN,223,NaN,-92.81999999999996,NaN,NaN,NaN,NaN,NaN,NaN,NaN
Mr Humble,1,3,6,2,2,1,1,403,0,0,0,0,0,76771,685,75325,760,0,10419,665,8993,760,3716,1,8188,0,0,6,92,14017,2575,10932,509,6949,6825,0,0,132,0,0,0,189,12,1,0,5,0,0,0,0,0,NaN,6,7.2,NaN,369.7,593.4,NaN,231.5,409.9,NaN,-103,146.89999999999998,NaN,NaN,NaN,NaN,NaN,NaN,NaN
t1 test,1,6,2,9,4,1,2,939,0,0,0,0,0,86765,63921,16525,6318,0,12606,10243,1299,1063,7740,1,10158,13591,269,45,31,16482,4023,12203,255,8234,8210,0,0,14,76,53,2,306,12,5,0,15,8,0,0,0,0,NaN,0.3,1,NaN,310,476.2,NaN,257.6,449.3,NaN,NaN,NaN,NaN,NaN,NaN,NaN,NaN,NaN,NaN
삶은 별 게 없다,0,2,6,6,2,2,1,868,1,0,0,0,0,24922,19356,4591,973,0,9242,7487,781,973,2783,4,9719,444,444,50,18,13851,8360,5091,399,6664,6125,0,0,11,0,0,0,159,12,7,0,33,2,0,0,0,0,0,0,0.8,0.2,NaN,316.70000000000005,322.1,NaN,189.8,249.3,NaN,8.649999999999991,-49.19999999999999,NaN,NaN,NaN,NaN,NaN,NaN,NaN
문수야,1,2,2,6,2,1,1,757,0,0,0,0,0,87661,72113,13970,1578,0,8797,7189,1608,0,1503,1,2412,7908,2743,17,14,7648,4146,2821,680,7643,6225,2,0,160,4,4,0,139,13,3,0,9,2,0,0,0,0,NaN,8.600000000000001,NaN,468.9,NaN,311.3,NaN,45.70000000000002,NaN,NaN,NaN,NaN,NaN,NaN,NaN
너와나의연결Gori,0,7,1,2,7,1,1,1031,0,0,0,0,0,175696,2831,168315,4549,0,16659,1651,14267,740,8097,1,23227,8085,4875,29,17,25054,7819,14636,2599,13026,11750,3,0,230,20,4,11,120,15,4,0,6,8,0,0,1,0,NaN,9.100000000000001,8.5,NaN,545.9,508,NaN,437.2,510,NaN,NaN,NaN,NaN,NaN,NaN,NaN,NaN,NaN,NaN
H core,0,1,4,3,0,1,0,326,0,0,0,0,0,7484,4000,2058,1425,0,3414,2664,750,0,3923,5,2594,1834,0,28,6,4840,1595,3140,104,4218,3750,0,0,4,0,0,0,20,8,4,0,15,3,0,0,0,0,NaN,0.1,0.30000000000000004,NaN,233,202.70000000000002,NaN,185.39999999999998,183.5,NaN,-56.8,-167.89999999999998,NaN,NaN,NaN,NaN,NaN,NaN,NaN
만족은없어,0,11,3,2,8,1,2,909,0,0,0,0,0,148565,120504,23741,4320,0,23287,19510,2550,1227,6422,1,10980,3139,858,36,19,22776,9246,12028,1501,14552,14150,1,0,236,16,8,8,81,17,2,0,12,13,1,0,0,1,0,0,8.7,6.6,6.800000000000001,570.5,469.2,584.9,405.09999999999997,464.29999999999995,442.70000000000005,130.90000000000006,-89.40000000000003,337,NaN,NaN,NaN,NaN,NaN,NaN
죽이지 마라1,0,1,3,1,0,1,0,642,0,0,0,0,0,84133,57145,22348,4639,0,5001,3486,743,771,6282,1,7551,2370,0,14,8,16231,6477,9423,330,5485,5000,0,0,10,87,75,0,428,10,2,0,3,1,0,0,0,0,NaN,0.3,NaN,313.6,NaN,243.7,NaN,-14.84000000000006,NaN,NaN,NaN,NaN,NaN,NaN,NaN
Land of Glory,1,7,0,1,7,2,1,0,1,0,0,0,0,105728,81379,17541,6807,0,6815,5231,1166,416,8167,4,4721,16067,976,12,6,10784,2431,8099,254,7885,7075,1,0,13,112,51,33,97,11,1,0,3,1,1,0,0,0,0,1,0.30000000000000004,NaN,350.9,NaN,377,NaN,90.16,NaN,NaN,NaN,NaN,NaN,NaN,NaN
Elferia,0,0,3,9,0,0,0,874,0,0,0,0,0,37854,0,37854,0,276,8404,0,8404,0,4100,4,3167,159,159,7,26,9874,3965,4318,1590,5747,5450,0,0,111,0,0,0,115,10,1,0,5,0,0,0,0,0,NaN,5.9,NaN,332.4,NaN,261.5,NaN,-23.82000000000005,NaN,NaN,NaN,NaN,NaN,NaN,NaN
헌규1,1,16,4,12,8,3,4,1663,3,1,0,0,0,237630,14976,215494,7159,954,32427,1751,24056,6619,5662,1,63190,27209,7169,43,41,42719,11006,28342,3371,19521,17758,2,0,241,32,13,9,143,18,1,0,15,13,0,0,0,0,0,0,8.2,7,5.5,487.2,543.8,551.9,336.79999999999995,470.5,446.9,10.699999999999989,72.9,139.59999999999997,NaN,NaN,NaN,NaN,NaN,NaN
헌규1,1,7,5,18,2,1,2,650,0,0,0,0,0,149823,320,112821,36681,0,43092,246,32724,10121,14560,1,70462,3953,2194,11,55,54687,24347,27362,2977,12928,11600,2,0,152,8,4,0,279,17,1,0,7,0,0,0,0,0,0,1,6.9,5.4,2.9,516.2,547.2,569.5999999999999,350.3,443.79999999999995,431,NaN,NaN,NaN,NaN,NaN,NaN,NaN,NaN,NaN
방 그리고 실,0,1,11,4,0,1,0,347,0,0,0,0,0,63521,185,57051,6284,0,6374,185,5695,494,1363,1,9686,405,0,23,16,19251,8769,9274,1207,7210,6775,0,0,125,1,0,0,127,13,3,0,6,4,0,0,0,0,0,0,3.9,5.5,NaN,301.9,353.79999999999995,NaN,186.6,257,NaN,-232.8,-194.20000000000002,NaN,NaN,NaN,NaN,NaN,NaN,NaN
삶은 별 게 없다,0,1,8,6,0,1,0,462,0,0,0,0,0,14512,7611,2952,3947,0,4495,3165,570,760,180,4,10387,0,0,52,25,14433,5095,8786,551,5438,4675,0,0,32,0,0,0,87,10,8,0,23,9,0,0,0,0,NaN,1.2000000000000002,1.4,NaN,202.2,378.7,NaN,152.7,268.3,NaN,-37.8,-13.850000000000023,NaN,NaN,NaN,NaN,NaN,NaN,NaN
feng ji xu chui,0,0,3,4,0,0,0,693,0,0,0,0,0,12960,10696,1998,266,0,5966,4515,1184,266,2426,5,4959,645,645,45,20,7634,2827,4663,142,4761,4450,0,0,17,1,1,0,121,9,4,0,25,6,0,0,0,0,NaN,0.6,1,NaN,244.2,246.2,NaN,180.9,226.3,NaN,NaN,NaN,NaN,NaN,NaN,NaN,NaN,NaN,NaN
단밤 강새로이,0,3,3,4,3,1,1,930,0,0,0,0,0,116540,0,114942,1598,575,18735,0,17351,1384,2165,1,8432,1053,170,19,5,16184,5750,9916,518,8824,8600,0,0,163,10,4,4,185,13,4,0,3,3,0,0,0,0,0,0,5.3,7.1,NaN,384.70000000000005,413.1,NaN,270.2,339.4,NaN,NaN,NaN,NaN,NaN,NaN,NaN,NaN,NaN,NaN
끄으러쉬,1,4,5,24,2,1,1,1464,0,0,0,0,0,213733,77730,122417,13585,0,13297,2827,9059,1410,13344,1,48489,31837,1560,41,26,43022,14366,26543,2112,15992,14600,2,0,52,166,115,5,495,18,12,0,12,6,0,0,1,0,0,0,0.2,0.8,2.3,379.20000000000005,357.6,461.9,301.8,324.3,317.8,7.000000000000028,-51.69999999999999,-17.400000000000006,NaN,NaN,NaN,NaN,NaN,NaN
요리굴러조리굴러,0,2,7,3,2,1,1,981,0,0,0,0,0,180745,1114,154966,24664,729,11423,916,7712,2794,5359,4,20592,12409,8401,30,7,30896,8786,20417,1692,12308,11675,3,0,205,16,11,0,109,16,3,0,13,2,0,0,0,0,0,0,6.5,5.1,5,423.8,468.3,450.1,234.9,328.8,364.1,-49.599999999999966,-28.69999999999999,34.79999999999998,NaN,NaN,NaN,NaN,NaN,NaN
삐삐계약,1,3,5,12,2,1,1,525,0,0,0,0,0,185760,169961,13107,2690,0,31292,28312,804,2175,30164,1,26645,12862,2191,24,7,38606,10223,26754,1628,12062,11035,1,0,214,22,10,0,178,17,3,0,12,2,0,0,0,0,0,0,5.6,7.7,6.5,377.79999999999995,552.3,510.4,213.2,346.5,353.1,122,150.7,22.19999999999999,NaN,NaN,NaN,NaN,NaN,NaN
삶은 별 게 없다,0,0,3,1,0,0,0,535,0,0,0,0,0,9879,2032,4653,3193,0,2668,1883,784,0,2533,3,3377,0,0,20,8,5084,4073,982,28,3422,3325,0,0,23,0,0,0,19,8,3,0,12,3,0,0,0,0,NaN,1.1,NaN,245.2,NaN,150.9,NaN,-31.54000000000002,NaN,NaN,NaN,NaN,NaN,NaN,NaN
블랙 고기,1,12,2,21,6,3,2,1577,1,1,0,0,0,147834,3293,139074,5466,633,42991,1883,40287,820,17146,5,11546,20248,8718,83,67,15223,3366,11636,220,14865,12100,5,0,43,8,8,0,338,17,4,0,45,13,0,0,0,0,0,0,0.2,0.8,1.5,354.9,481.2,433.3,290,361.9,334.2,101.5,99.25,-104.60000000000002,NaN,NaN,NaN,NaN,NaN,NaN
Goldguns,1,5,0,4,5,2,1,0,1,0,0,0,0,66646,152,54306,12186,0,10396,152,7837,2407,2089,3,2448,3930,2496,26,3,4862,782,3987,92,9256,7200,1,1,153,4,0,0,10,12,3,0,9,3,1,0,0,1,0,0,8.8,NaN,457.2,NaN,377.9,NaN,6.820000000000022,NaN,NaN,NaN,NaN,NaN,NaN,NaN
Twtg,1,2,5,12,0,1,0,395,0,0,0,0,0,32412,4871,19233,8307,0,8222,1242,6980,0,1621,1,21137,1496,272,72,44,16454,7824,8510,119,6854,6525,1,0,33,0,0,0,311,13,12,0,48,6,0,0,0,0,NaN,1.8,1.2,NaN,303.2,380.6,NaN,182.2,289,NaN,21.799999999999983,44.30000000000001,NaN,NaN,NaN,NaN,NaN,NaN,NaN
happy game8,0,5,6,5,4,2,1,331,1,0,0,0,0,47047,16303,30630,114,0,8063,3889,4060,114,785,2,15261,2487,44,15,26,17617,8912,7883,822,7097,6250,0,0,106,0,0,0,286,11,2,0,8,3,0,0,0,0,0,0,5.3,4.9,NaN,442.29999999999995,385.5,NaN,291.9,335,NaN,NaN,NaN,NaN,NaN,NaN,NaN,NaN,NaN,NaN
삶은 별 게 없다,1,4,3,12,2,1,1,751,0,0,0,0,0,30215,10879,11267,8069,0,6628,3754,1916,957,11398,5,14136,5553,2297,24,23,16779,5395,10567,816,7453,6725,0,0,35,0,0,0,49,11,3,0,11,2,0,0,0,1,0,1,1.9,1.5,NaN,272.4,453.3,NaN,245.10000000000002,368,NaN,39.79999999999998,-40.45000000000002,NaN,NaN,NaN,NaN,NaN,NaN,NaN
huya  cry mao,0,7,3,0,3,1,2,633,0,0,0,0,0,266583,54218,207663,4702,0,10522,2299,8222,0,17856,1,39443,25053,3439,36,11,34858,10056,16658,8143,15468,15208,0,0,286,55,37,3,150,18,3,0,14,6,0,0,0,0,0,0,7.199999999999999,9.100000000000001,7.3,445.79999999999995,568.4000000000001,567.2,335.7,444.6,471.4,NaN,NaN,NaN,NaN,NaN,NaN,NaN,NaN,NaN
가르침받고싶어요,0,1,2,2,0,1,0,468,0,0,0,0,0,48919,37760,8664,2495,10,6168,5609,559,0,1935,3,7851,548,548,9,28,8804,1876,6927,0,5101,4675,0,0,92,4,0,0,255,11,3,0,9,0,0,0,0,0,NaN,4.9,NaN,402.8,NaN,209.4,NaN,-79.60000000000002,NaN,NaN,NaN,NaN,NaN,NaN,NaN
하 늘 뿌,0,1,9,11,0,1,0,385,0,0,0,0,0,14269,5074,3810,5383,0,3344,1915,867,562,105,1,7475,692,560,56,26,13226,6519,6411,295,6699,6625,0,0,25,0,0,0,134,11,11,0,33,4,0,0,0,0,NaN,0.9,1.2999999999999998,NaN,248.89999999999998,300.20000000000005,NaN,191.60000000000002,267.9,NaN,-50.800000000000026,-5.499999999999972,NaN,NaN,NaN,NaN,NaN,NaN,NaN
하 늘 뿌,0,5,5,0,3,1,1,582,0,0,0,0,0,89134,1792,72419,14923,209,6977,1392,5561,23,783,2,3837,331,331,31,25,10346,4400,5720,225,8576,7775,0,0,165,0,0,0,543,11,5,0,13,2,1,0,0,0,NaN,7.1,7.2,NaN,319.2,392.5,NaN,341.4,331.5,NaN,-9.099999999999994,-40.75,NaN,NaN,NaN,NaN,NaN,NaN,NaN
SANDBOX GorillA,1,4,1,5,2,1,2,651,0,0,0,0,0,24930,0,24924,6,237,9006,0,9006,0,4955,3,3117,2671,2671,33,23,7339,2826,4437,76,6007,5475,0,0,10,0,0,0,91,9,3,0,14,5,0,0,0,1,NaN,0.5,NaN,327.4,NaN,280,NaN,28.460000000000008,NaN,NaN,NaN,NaN,NaN,NaN,NaN
SANDBOX TolanD,1,3,2,10,2,1,1,666,0,0,0,0,0,84022,64669,8985,10367,0,8676,8180,274,222,1617,1,6139,3531,3531,15,8,10047,1702,8345,0,7850,7835,0,1,137,0,0,0,111,12,5,0,5,0,0,0,0,0,0,1,8.5,NaN,506.4,NaN,335.8,NaN,94.64000000000004,NaN,NaN,NaN,NaN,NaN,NaN,NaN
Lathyrus,0,0,4,12,0,0,0,672,0,0,0,0,0,20790,15378,4132,1279,0,12445,8896,2269,1279,2949,4,9872,1297,0,42,41,14432,7003,7100,328,6381,6145,0,0,15,0,0,0,194,13,1,0,23,7,0,0,0,0,0,0,0.2,0.7,NaN,248.10000000000002,395.29999999999995,NaN,165,261.6,NaN,-51.250000000000014,102.64999999999998,NaN,NaN,NaN,NaN,NaN,NaN,NaN
3124123412,0,1,1,0,0,1,0,584,0,0,0,0,0,26121,18255,5839,2027,0,876,642,158,75,2968,1,2752,594,0,14,1,6885,559,6155,170,3659,2125,0,0,14,36,21,0,119,7,1,0,2,3,0,0,0,0,NaN,1.4,NaN,358.1,NaN,250.6,NaN,-51.860000000000014,NaN,NaN,NaN,NaN,NaN,NaN,NaN
울부짖는뽀삐,1,3,1,1,3,1,1,522,0,0,0,0,0,68519,13687,50643,4189,0,11103,2503,8600,0,1162,1,6773,1716,1108,8,21,6085,0,5975,110,6582,3625,0,0,126,0,0,0,361,11,1,0,5,1,0,0,0,1,NaN,7,NaN,446.1,NaN,235,NaN,3.8000000000000114,NaN,NaN,NaN,NaN,NaN,NaN,NaN
Aibbly,0,8,5,3,2,1,4,569,0,0,0,0,0,116992,20613,82687,13692,0,13735,1226,11290,1219,7337,1,23990,21614,191,19,10,28931,12574,15533,823,10865,9750,2,0,22,94,46,22,500,13,4,0,11,1,0,0,1,0,0,0,0,1.4,NaN,284.29999999999995,544.7,NaN,266.7,422.1,NaN,-66.9,57.30000000000004,NaN,NaN,NaN,NaN,NaN,NaN,NaN
포카칩포카칩,1,6,3,8,5,1,1,918,0,0,0,0,0,157914,142510,11174,4230,0,16969,16686,282,0,11169,1,10340,12310,383,29,14,20827,8200,12066,560,13484,11400,1,0,205,44,25,4,226,17,10,0,19,4,0,0,0,0,0,1,7.6,6.300000000000001,5.3,429.3,482.4,480.8,252.7,346.79999999999995,484.5,-50.69999999999996,-3.30000000000004,-34.299999999999955,NaN,NaN,NaN,NaN,NaN,NaN
FA DoRun,0,1,4,1,0,1,0,664,0,0,0,0,0,85488,65158,6999,13330,0,7842,7603,239,0,3079,1,5950,108,108,10,12,12047,1983,10063,0,6518,6245,0,0,160,0,0,0,262,12,3,0,8,1,0,0,0,0,NaN,8.5,NaN,481.6,NaN,306.6,NaN,7.939999999999969,NaN,NaN,NaN,NaN,NaN,NaN,NaN
gkfrjtaksgkwk,0,1,5,8,0,1,0,638,0,0,0,0,0,18501,6630,5517,6353,0,8222,5206,2345,670,657,1,17865,323,0,50,31,17566,6360,10737,468,6567,6000,0,0,26,0,0,0,106,11,8,0,26,7,0,0,0,0,0,0,1.1,1.2,NaN,309.20000000000005,255.4,NaN,150.89999999999998,271.2,NaN,-4.650000000000006,-158.94999999999993,NaN,NaN,NaN,NaN,NaN,NaN,NaN
도구마 차이,0,8,6,7,4,1,2,675,0,0,0,0,0,171671,927,168646,2098,733,12757,38,12692,26,3835,4,11143,12595,1359,31,6,21556,9018,12184,353,14322,13775,0,0,206,20,16,4,19,15,8,0,20,2,1,0,0,0,0,0,7.8,5.699999999999999,4.8,341.6,366.4,546,379.5,398.79999999999995,402.9,48.39999999999996,30.599999999999994,-54.20000000000002,NaN,NaN,NaN,NaN,NaN,NaN
개넥센4강,0,4,7,6,2,2,1,476,1,0,0,0,0,36339,32447,3891,0,0,10639,10303,336,0,2545,3,13510,308,0,46,63,17012,4230,12277,504,7892,7425,0,0,29,0,0,0,104,13,5,0,16,4,0,0,0,0,0,0,0.2,0.9,NaN,288.1,319.1,NaN,180.8,314.3,NaN,-40.05000000000001,-55.599999999999994,NaN,NaN,NaN,NaN,NaN,NaN,NaN
마법공학 상자,1,1,3,9,0,1,0,896,0,0,0,0,0,14858,6261,3976,4620,0,4853,3614,883,356,1508,4,5312,1222,365,61,35,7461,3483,3824,154,6981,5950,0,0,31,0,0,0,81,12,10,0,30,9,0,0,0,0,0,1,1.1,1.6,NaN,233.10000000000002,239.3,NaN,150.3,225,NaN,-3.5999999999999943,2.8000000000000114,NaN,NaN,NaN,NaN,NaN,NaN,NaN
hun tlan di,0,0,4,3,0,0,0,263,0,0,0,0,0,67891,6570,58921,2400,0,6571,1748,4823,0,2751,1,5945,206,206,8,10,12427,3985,8072,370,5648,4875,0,0,142,0,0,0,37,11,0,0,4,1,0,0,0,0,NaN,8.3,NaN,445.2,NaN,305.7,NaN,27.440000000000026,NaN,NaN,NaN,NaN,NaN,NaN,NaN
BAYAH,0,11,5,8,4,2,3,857,2,0,0,0,0,260223,4686,249296,6240,1425,32306,1511,30081,714,2108,3,19407,29983,5860,53,11,24226,10708,12052,1464,17532,16775,4,0,274,26,18,0,146,17,6,0,16,16,0,0,0,0,0,0,8.4,7.8,8.5,347.1,456,663.8,370.9,475.7,566.3,53.84999999999998,-38.04999999999998,99.94999999999996,NaN,NaN,NaN,NaN,NaN,NaN
삶은 별 게 없다,0,0,4,0,0,0,0,354,0,0,0,0,0,8266,3859,2477,1928,0,2509,1592,617,300,141,1,3908,368,0,16,13,7750,1851,5800,98,2871,2725,0,0,14,0,0,0,43,7,3,0,8,0,0,0,0,0,NaN,1.1,NaN,241.9,NaN,152.2,NaN,-55.70000000000002,NaN,NaN,NaN,NaN,NaN,NaN,NaN
KkOma18,1,8,1,2,7,1,1,616,0,0,0,0,0,144847,22830,102979,19038,0,7689,1237,6090,362,9050,1,22184,40043,1066,29,10,22670,3729,18604,337,10068,8625,1,0,5,129,63,24,422,13,8,0,15,2,0,0,0,0,0,0,0.1,0.1,NaN,308.2,453.2,NaN,282.2,391.7,NaN,-3.6000000000000227,-16.599999999999994,NaN,NaN,NaN,NaN,NaN,NaN,NaN
level,0,6,7,6,4,1,1,582,0,0,0,0,0,161948,78344,77960,5643,0,10334,2325,7382,627,7800,1,30421,6947,193,42,19,31068,8538,21342,1187,10951,10400,1,0,32,142,116,4,556,14,11,0,22,9,0,0,0,0,0,0,0.5,2,NaN,329.9,474.9,NaN,357.4,398.9,NaN,-17,-140.10000000000002,NaN,NaN,NaN,NaN,NaN,NaN,NaN
쿵후 보이즈,0,1,1,1,0,1,0,954,0,0,0,0,0,42273,4730,36713,830,0,4541,1632,2881,28,312,2,2586,1191,0,7,0,6965,1589,5121,254,5345,4375,0,0,135,0,0,0,46,9,1,0,5,0,0,0,0,0,NaN,8.4,NaN,308,NaN,309.4,NaN,-33.79999999999998,NaN,NaN,NaN,NaN,NaN,NaN,NaN
온육수,0,4,6,7,2,1,1,563,0,0,0,0,0,143754,838,131846,11069,0,19272,785,17568,919,3182,1,13378,1049,722,31,163,21563,11076,9106,1381,10790,10250,0,0,173,19,15,0,345,14,8,0,12,6,0,0,0,0,0,0,7.1,6.5,3.6999999999999997,441.4,513.5999999999999,318.8,286.3,453.70000000000005,275.79999999999995,NaN,NaN,NaN,NaN,NaN,NaN,NaN,NaN,NaN
한턴만봐주라,1,11,7,6,9,2,1,928,3,0,0,0,0,334872,65164,243473,26235,0,54782,12599,40868,1314,23742,1,84526,27888,11205,20,34,52809,9574,34116,9118,19247,19083,4,0,279,32,23,1,252,18,0,0,13,1,0,0,0,0,0,0,6.1,7.8,8.9,395.5,524.8,925.5,244,432.5,732.3,-118.70000000000002,-165.5,433,NaN,NaN,NaN,NaN,NaN,NaN
뇌절 녀,0,5,16,6,0,1,0,458,0,0,0,0,0,197766,173438,21608,2720,4,29292,26301,2991,0,10423,1,43739,3575,1732,19,13,56316,16159,34454,5703,14469,13950,2,0,232,8,4,1,212,18,0,0,13,0,0,0,0,0,0,0,5.8,7.9,5.5,434,568.4000000000001,404.5,271.5,400.79999999999995,312.8,4.800000000000011,11.599999999999994,-153.35,NaN,NaN,NaN,NaN,NaN,NaN
귀염뽀짝 양혜지,0,4,3,12,2,1,1,651,0,0,0,0,0,173227,138848,25917,8462,0,14589,12492,1342,754,14824,4,14334,8268,1183,38,1,24562,3894,18660,2007,11161,10000,1,0,22,145,91,27,185,16,4,0,11,5,0,0,0,0,0,0,0.5,0.8999999999999999,NaN,422.6,503.3,NaN,334.5,374.6,NaN,55.79999999999998,-128,NaN,NaN,NaN,NaN,NaN,NaN,NaN
삶은 별 게 없다,0,1,3,1,0,1,0,791,0,0,0,0,0,19172,5734,5486,7950,0,3279,2050,1229,0,3837,4,5470,3050,0,49,15,9063,3093,5117,853,4789,4275,0,0,31,0,0,0,52,9,10,0,34,8,0,0,0,0,NaN,1.4,1.6,NaN,231,249.89999999999998,NaN,184.20000000000002,206.2,NaN,-60.650000000000034,-49.80000000000004,NaN,NaN,NaN,NaN,NaN,NaN,NaN
삶은 별 게 없다,0,0,5,9,0,0,0,917,0,0,0,0,0,27082,11691,9343,6048,0,2768,1366,774,628,10942,5,8208,1265,571,43,12,13667,7081,6165,420,7161,6375,0,0,31,2,2,0,40,12,9,0,28,6,0,0,0,0,0,0,1,1.4,0.7,217.5,307.4,452.79999999999995,181.60000000000002,247.9,202.1,-44,-25.69999999999999,55.94999999999999,NaN,NaN,NaN,NaN,NaN,NaN
CheonG0,1,3,1,1,3,1,1,220,0,0,0,0,0,90930,83040,7550,340,0,4673,3748,584,340,1709,1,1393,3903,3903,18,7,4112,2365,1746,0,8171,7550,1,0,165,9,8,1,172,12,2,0,7,1,0,0,0,0,NaN,8.7,NaN,479.1,NaN,345.9,NaN,16.919999999999987,NaN,NaN,NaN,NaN,NaN,NaN,NaN
Aibbly,0,0,3,3,0,0,0,266,0,0,0,0,0,7610,5794,1816,0,0,4587,3594,993,0,2480,4,2748,169,169,15,7,4205,1473,2625,106,3125,3075,0,0,1,0,0,0,30,7,3,0,7,1,0,0,0,0,0,0,0.1,NaN,234.8,NaN,151.8,NaN,-111.62,NaN,NaN,NaN,NaN,NaN,NaN,NaN
tiantianquan,1,13,3,11,4,3,4,732,1,1,0,0,0,78756,4919,72857,979,0,23375,1339,21325,711,4072,1,6542,2450,382,27,21,15504,8821,6021,661,11280,9550,0,0,116,15,4,6,78,13,2,0,4,5,0,0,0,0,NaN,6.8,4.4,NaN,409.29999999999995,533.7,NaN,358,563.9,NaN,38.19999999999999,87.00000000000003,NaN,NaN,NaN,NaN,NaN,NaN,NaN
조오온나쎄,0,16,13,15,4,3,4,259,2,1,0,0,0,66489,63540,2358,589,0,26694,25143,1201,349,4773,1,37110,135,135,0,16,35734,22859,11599,1275,14450,13970,1,0,41,0,NaN,1.9000000000000001,2.2,NaN,735.9000000000001,1253.1,NaN,606.5,616.3,NaN,NaN,NaN,NaN,NaN,NaN,NaN,NaN,NaN,NaN
zl존맨12,0,6,21,10,0,1,0,50,0,0,0,0,0,24388,1700,21433,1254,0,19578,1067,17441,1070,1577,1,27002,0,0,0,18,46363,16042,28469,1851,9215,8400,0,0,6,0,NaN,0.5,NaN,622,NaN,519.3,NaN,-159.57999999999993,NaN,NaN,NaN,NaN,NaN,NaN,NaN
Sweet Je1ly,1,8,2,9,5,2,2,1430,1,0,0,0,0,286188,82370,179597,24222,0,20100,10711,4936,4452,18216,1,18768,34036,54,45,63,34658,15732,17265,1659,17470,21240,0,0,46,227,134,32,723,18,4,0,3,11,0,0,0,0,0,0,0.2,0.5,1.5,294.7,555,460.1,260.4,410.70000000000005,353.5,NaN,NaN,NaN,NaN,NaN,NaN,NaN,NaN,NaN
도미팬티,0,5,8,11,0,1,0,504,0,0,0,0,0,204991,52126,125976,26888,0,19020,1171,12681,5167,15585,1,35445,24055,3974,35,17,39403,9513,25843,4046,12837,12725,3,1,43,152,101,16,545,15,3,0,5,8,0,0,1,0,0,0,1,1.2,1.3,305.5,454.79999999999995,416.09999999999997,281.2,436.9,312.3,-37.20000000000002,13.099999999999994,-134.90000000000003,NaN,NaN,NaN,NaN,NaN,NaN
헤클러,1,7,9,10,3,2,1,723,1,0,0,0,0,112906,99599,9608,3698,91,23132,21693,746,693,2304,1,10898,2130,573,25,35,26526,12448,13528,549,11850,10600,0,0,127,17,10,4,303,17,2,0,12,6,0,0,0,0,0,1,6,3,2,459.1,306,492.1,257.5,273.8,276.1,15.699999999999989,-314.8,-72.4,NaN,NaN,NaN,NaN,NaN,NaN
재간둥이 손채영,1,3,5,10,3,1,1,1017,0,0,0,0,0,188631,17684,156900,14047,0,12496,1311,10758,427,14388,1,20831,20009,1825,30,16,30451,6873,22561,1016,11238,10958,1,0,35,160,98,28,496,16,2,0,5,5,0,0,0,0,0,0,0.4,1.7,0.7,407.8,507.70000000000005,457,312.6,342.5,301.8,65.60000000000002,-209.49999999999997,-56.30000000000001,NaN,NaN,NaN,NaN,NaN,NaN
은성이는,0,10,8,7,3,2,3,612,2,0,0,0,0,257305,9985,242929,4391,1257,27342,1819,25489,34,3372,2,24333,17962,4462,20,11,25629,3632,21135,862,17962,17200,2,0,263,19,13,0,233,18,0,0,12,3,0,0,0,0,0,0,8.3,7.199999999999999,5.6,333.1,333.2,583.5,295.8,359.9,530.4,32.04999999999998,-114.50000000000003,-17.900000000000034,NaN,NaN,NaN,NaN,NaN,NaN
가아아아앙,1,4,2,3,3,2,1,474,1,0,0,0,0,39355,35691,3084,580,0,5111,4745,50,316,2062,1,4162,3124,3124,10,4,9093,857,7491,744,6388,3775,0,0,79,7,7,0,150,10,1,0,3,0,0,0,0,0,NaN,5.4,NaN,422.9,NaN,278.6,NaN,-6.919999999999959,NaN,NaN,NaN,NaN,NaN,NaN,NaN
행복하다 나는,1,9,4,5,5,2,2,482,1,0,0,0,0,135002,8439,125782,780,631,13013,1115,11701,196,4746,2,11487,8166,5089,12,20,13951,5465,8181,305,11200,8975,2,0,163,20,4,13,148,12,1,0,7,1,0,0,1,0,NaN,6.9,9.1,NaN,348.4,593.8,NaN,493.5,567.3,NaN,NaN,NaN,NaN,NaN,NaN,NaN,NaN,NaN,NaN
나는 사람을 찢어,0,0,5,0,0,0,0,488,0,0,0,0,0,59275,1206,58069,0,411,6130,745,5384,0,353,1,7278,0,0,9,13,9261,1330,7846,84,5758,5200,0,0,139,4,4,0,109,9,2,0,7,1,0,0,0,0,0,0,6.8999999999999995,NaN,280,NaN,238.7,NaN,-13.820000000000022,NaN,NaN,NaN,NaN,NaN,NaN,NaN
이야공집벨튀장인,1,4,4,14,3,1,1,721,0,0,0,0,0,156846,56063,93845,6937,0,25525,12636,12752,136,3328,1,69626,5591,3716,20,39,36870,9175,27052,643,13575,12850,2,0,200,1,1,0,290,17,0,0,9,5,0,0,0,0,0,0,5.800000000000001,5.4,5.9,371.4,446,567.8,217.2,336.5,514.9,-80.80000000000001,43,194.5,NaN,NaN,NaN,NaN,NaN,NaN
T1 allmight,1,13,3,1,10,3,2,739,3,2,0,0,0,141353,130219,11134,0,0,23755,23331,424,0,1862,1,11046,7326,1016,25,15,13087,6045,5880,1161,12525,12510,2,0,196,9,8,1,270,15,2,0,10,7,0,0,0,0,0,0,8.2,8.3,NaN,464,558.5,NaN,318.4,565.2,NaN,7.400000000000006,48.400000000000006,NaN,NaN,NaN,NaN,NaN,NaN,NaN
Monano,1,13,5,12,4,2,4,850,2,0,0,0,0,223920,167055,54036,2828,0,37142,27084,8508,1548,24219,1,44500,2388,1544,28,6,52708,27830,23824,1054,18015,16175,0,1,247,17,13,4,95,18,3,0,12,1,0,0,0,0,0,0,5.5,6.2,4.4,441.8,507.7,428.1,251.10000000000002,383,358.9,31.5,112.4,60,NaN,NaN,NaN,NaN,NaN,NaN
구아구아구나,0,5,2,8,3,2,1,483,1,0,0,0,0,64410,7744,49438,7227,0,9431,774,7998,658,4484,1,10351,12503,0,15,10,13064,3275,9692,96,6775,6500,0,0,3,63,40,0,245,10,5,0,8,1,0,0,0,0,NaN,0,NaN,317.20000000000005,NaN,385.4,NaN,-39.61999999999995,NaN,NaN,NaN,NaN,NaN,NaN,NaN
대머리형님들,1,14,3,16,8,3,3,1163,2,1,0,0,0,226660,24952,192225,9483,0,39154,9766,28768,620,4858,3,17015,22827,9620,35,5,27965,10995,16100,869,17220,15583,3,0,201,21,21,0,55,18,4,0,12,4,1,0,0,0,0,1,5.9,7.2,4.6,254,528.1,773.7,264.2,439.20000000000005,647.5999999999999,-18.899999999999977,94.60000000000002,232.8,NaN,NaN,NaN,NaN,NaN,NaN
펨 귐 펨 펨,1,2,4,17,2,1,1,463,0,0,0,0,0,13480,10002,2705,772,0,9669,7868,1028,772,15322,5,3533,1117,344,48,27,6040,872,4969,199,6886,5725,0,0,5,0,0,0,58,11,7,0,30,3,0,0,0,0,0,1,0.1,0.2,NaN,224,334.2,NaN,164.39999999999998,247.2,NaN,-53.75000000000003,35.89999999999998,NaN,NaN,NaN,NaN,NaN,NaN,NaN
참치못하는사람,0,1,5,22,0,1,0,570,0,0,0,0,0,18915,8608,5394,4911,11,7675,5331,1949,394,382,1,22246,560,560,60,32,17652,7146,10188,318,7346,7075,0,0,28,0,0,0,134,13,3,0,26,7,0,0,0,0,0,0,1.2000000000000002,0.8999999999999999,0.7,259.3,388.1,368.70000000000005,155.3,289.3,238.39999999999998,-57.35000000000001,128.40000000000006,-307.79999999999995,NaN,NaN,NaN,NaN,NaN,NaN
구 재 범,1,1,0,3,0,1,0,0,0,0,0,0,0,75542,0,66397,9144,0,6238,0,4827,1410,689,1,8620,4344,3518,6,7,8216,325,7783,107,6914,5583,1,0,149,4,1,0,75,12,0,0,5,0,0,0,0,0,NaN,8.4,NaN,514.5,NaN,314,NaN,52.30000000000001,NaN,NaN,NaN,NaN,NaN,NaN,NaN
참기름 카이팅,0,3,6,3,3,1,1,529,0,0,0,0,0,52840,5306,47008,526,344,7007,663,5818,526,996,1,12269,0,0,8,11,14236,2201,10530,1504,7055,6975,0,0,127,0,0,0,63,12,0,0,5,2,0,0,0,0,0,0,6.8,5.9,NaN,489.2,389.2,NaN,323.3,326,NaN,107.29999999999998,-108.5,NaN,NaN,NaN,NaN,NaN,NaN,NaN
가디언초가스Z,1,4,3,7,2,2,2,316,2,0,0,0,0,58784,0,58164,620,355,8253,0,8085,168,3883,4,5412,2762,2762,15,21,10866,3522,7003,341,7981,5405,0,0,126,4,4,0,117,11,1,0,6,4,0,0,0,0,NaN,5.4,6.1,NaN,286.9,393.4,NaN,327.8,343.9,NaN,9.5,-38.74999999999997,NaN,NaN,NaN,NaN,NaN,NaN,NaN
Naehyun,0,5,7,4,2,1,1,353,0,0,0,0,0,140930,4256,125420,11253,879,9095,177,6333,2584,7652,1,12044,13074,2583,29,1,23949,7284,14813,1851,10134,9700,1,0,41,123,98,8,163,13,3,0,6,8,0,0,0,0,0,0,2.2,1.8,NaN,421.2,525,NaN,323.4,470.29999999999995,NaN,NaN,NaN,NaN,NaN,NaN,NaN,NaN,NaN,NaN
TL Fengge,0,1,7,2,0,1,0,221,0,0,0,0,0,6881,4656,2225,0,0,4024,2608,1416,0,4429,4,5260,520,520,25,9,9030,2515,6029,485,3829,3375,0,0,3,0,0,0,28,8,4,0,12,2,0,0,0,0,NaN,0.1,NaN,285.9,NaN,219.6,NaN,-35.08000000000004,NaN,NaN,NaN,NaN,NaN,NaN,NaN
bot plz jg,1,4,4,13,2,2,1,428,1,0,0,0,0,47698,0,47698,0,351,11668,0,11668,0,6410,5,3653,3883,3461,30,32,10413,4407,5554,452,8682,7575,1,0,67,0,0,0,118,12,5,0,12,4,0,0,0,0,0,1,3.5,3.2,NaN,306,555.0999999999999,NaN,299.3,500,NaN,72.85000000000002,142.94999999999993,NaN,NaN,NaN,NaN,NaN,NaN,NaN
DoZilMo bot,1,2,13,5,0,1,0,239,0,0,0,0,0,124910,20908,91853,12148,428,9076,1157,7082,836,12326,16,13031,23956,0,15,4,32704,12240,18510,1952,8774,8050,1,0,30,103,72,6,217,13,5,0,5,3,0,0,0,0,0,0,0.30000000000000004,0.6,NaN,263.70000000000005,273.3,NaN,241.8,269.6,NaN,NaN,NaN,NaN,NaN,NaN,NaN,NaN,NaN,NaN
Rum Jin Vodka,0,7,8,9,3,1,2,372,0,0,0,0,0,117711,19018,90308,8385,0,16031,2067,13171,792,7603,1,25150,13837,0,29,25,30075,10552,18577,946,9841,9650,0,0,31,100,63,16,446,13,5,0,12,8,0,0,0,0,0,0,0.5,1.7,NaN,390.7,474.3,NaN,412.5,413.6,NaN,145.29999999999998,-78.49999999999997,NaN,NaN,NaN,NaN,NaN,NaN,NaN
오잉매,1,4,4,12,3,2,1,765,1,0,0,0,0,212219,101375,95324,15519,0,15903,10038,5004,860,15913,1,34522,50873,1075,30,6,34412,8452,25664,296,12003,11500,2,0,31,187,106,28,177,16,3,0,8,2,1,0,1,0,0,1,0.7,0.7,NaN,375.6,505.3,NaN,307.29999999999995,418.1,NaN,95.1,45.5,NaN,NaN,NaN,NaN,NaN,NaN,NaN
파워레인줘,0,4,2,0,3,1,1,708,0,0,0,0,0,42486,0,39617,2869,0,9797,0,9577,220,3893,1,6711,702,702,6,15,12386,4877,6995,513,5527,5425,0,0,95,0,0,0,92,10,1,0,4,0,0,0,0,0,NaN,7.8999999999999995,NaN,527.9,NaN,352.6,NaN,-62.099999999999994,NaN,NaN,NaN,NaN,NaN,NaN,NaN
T1 test 1,1,6,4,6,5,3,1,367,2,1,0,0,0,100036,2193,96692,1150,594,14714,353,14022,338,56,1,9783,4710,1120,24,6,11113,1973,9019,120,9647,11055,0,0,174,12,1,5,112,12,3,0,8,7,0,0,0,0,0,0,8.2,8.2,NaN,339.5,507.4,NaN,268.4,530.9,NaN,NaN,NaN,NaN,NaN,NaN,NaN,NaN,NaN,NaN
펨 귐 펨 펨,0,0,10,14,0,0,0,467,0,0,0,0,0,20554,10090,6099,4363,0,6870,4852,875,1142,1276,5,22149,1019,555,68,29,21213,7030,13327,856,7191,6700,0,0,28,0,0,0,96,13,14,0,40,5,0,0,0,0,0,0,1.2999999999999998,1,0.5,214.89999999999998,294.2,381,162,253.10000000000002,185.10000000000002,-28.5,42.04999999999998,-196.25,NaN,NaN,NaN,NaN,NaN,NaN
OVO QAQ  OUO,1,3,0,14,3,1,1,0,0,0,0,0,0,24226,14871,5337,4017,0,8060,5148,2494,418,1495,5,14134,1227,1134,43,46,7766,3137,4033,595,7102,6225,1,0,28,1,1,0,193,11,5,0,20,7,0,0,0,0,NaN,1.1,1.5,NaN,316.3,420,NaN,205.89999999999998,386.4,NaN,NaN,NaN,NaN,NaN,NaN,NaN,NaN,NaN,NaN
See u AG,1,10,1,19,8,2,2,1030,1,0,0,0,0,124468,38820,77389,8258,0,13586,2164,10269,1153,6756,1,19731,14556,3109,27,35,17390,4555,12623,211,13034,12100,5,0,45,100,75,12,390,14,7,0,7,7,0,0,0,0,0,1,0.9,2.8,NaN,382.6,531.6,NaN,407.5,585.5,NaN,63.00000000000003,-16.599999999999966,NaN,NaN,NaN,NaN,NaN,NaN,NaN
펨 귐 펨 펨,0,0,4,10,0,0,0,592,0,0,0,0,0,23878,9487,7513,6877,0,3361,1777,1128,456,9039,5,15277,1236,49,61,14,18550,4021,14172,356,6008,4900,0,0,38,0,0,0,52,11,8,0,32,12,0,0,0,0,0,0,1.2999999999999998,2.1,NaN,286.3,300.20000000000005,NaN,181.5,240.1,NaN,-12.549999999999983,-44.39999999999998,NaN,NaN,NaN,NaN,NaN,NaN,NaN
응가싼 다리,1,9,12,11,2,1,3,339,0,0,0,0,0,120570,2991,113744,3834,0,26338,1109,23280,1948,6935,1,28027,11503,4044,14,36,35578,19702,12160,3715,13189,11975,2,0,136,9,1,0,226,16,1,0,4,3,0,0,0,0,0,0,6.2,3.4,2.7,414.4,420.5,395.20000000000005,342,459,302.79999999999995,-7.5,-225.6,-104.1,NaN,NaN,NaN,NaN,NaN,NaN
k2ss,0,3,10,4,2,2,1,416,1,0,0,0,0,59781,4107,55095,578,0,11207,1231,9397,578,2063,1,12221,1408,365,21,19,22197,5590,15306,1300,7692,7600,0,0,111,1,0,0,130,11,6,0,13,2,0,0,0,0,0,0,5.6,5,NaN,328.2,337.2,NaN,311.1,304.8,NaN,-143.5,-257.3,NaN,NaN,NaN,NaN,NaN,NaN,NaN
펨 귐 펨 펨,0,1,5,6,0,1,0,397,0,0,0,0,0,26620,16637,5137,4844,0,5810,5140,669,0,3779,4,22692,1420,639,55,24,21419,6276,13548,1593,5727,5475,0,0,27,0,0,0,195,11,7,0,33,4,0,0,0,0,0,0,1.3,1.2000000000000002,NaN,250.5,345.6,NaN,168.8,237.7,NaN,-33.599999999999994,-20.19999999999999,NaN,NaN,NaN,NaN,NaN,NaN,NaN
IIrrooGG,0,1,3,2,0,1,0,603,0,0,0,0,0,65276,56905,8371,0,0,6283,4853,1430,0,0,0,2673,2546,2546,5,17,6432,1793,4408,230,5901,5425,1,0,118,4,4,0,207,10,1,0,3,0,0,0,0,0,NaN,8.1,NaN,474,NaN,326.2,NaN,-33.98000000000002,NaN,NaN,NaN,NaN,NaN,NaN,NaN
갸뚱이,1,5,4,21,3,2,2,509,1,0,0,0,0,32473,15581,10602,6289,0,12780,7800,3887,1091,2066,1,24255,3096,1330,52,57,16205,4527,10956,721,8951,8450,1,0,28,0,0,0,138,14,4,0,21,5,0,0,0,0,0,1,1.2,1.2000000000000002,NaN,350.8,469.2,NaN,244.5,301.1,NaN,64.15000000000006,169.45000000000002,NaN,NaN,NaN,NaN,NaN,NaN,NaN
ROTC KHM,1,13,7,15,5,2,3,385,2,0,0,0,0,250673,5836,234942,9894,732,35072,1608,32785,678,3220,3,21784,26788,5616,24,24,23891,7858,15913,119,18225,18370,2,0,211,44,33,4,161,18,2,0,10,3,0,0,0,0,0,0,8.1,5.8,3.8,324,641.1,452.3,349.7,526,420.2,NaN,NaN,NaN,NaN,NaN,NaN,NaN,NaN,NaN
펨 귐 펨 펨,0,2,2,2,0,1,0,439,0,0,0,0,0,68573,1978,61390,5205,437,6629,244,6384,0,1118,2,3441,973,0,8,5,7039,2847,3771,419,6138,5025,0,0,131,4,2,0,72,9,1,0,5,2,0,0,0,0,NaN,8.7,NaN,292.8,NaN,321.1,NaN,-56.69999999999999,NaN,NaN,NaN,NaN,NaN,NaN,NaN
fein1ufei,1,5,2,12,3,2,2,1176,1,0,0,0,0,224008,17633,197723,8652,694,26106,4074,21214,818,2589,2,21318,26191,6653,25,34,15042,5795,8870,376,15393,13750,3,1,252,50,17,28,407,16,2,0,11,12,0,0,0,1,1,0,8.8,9.2,7.199999999999999,354.3,475.5,640.8,329.6,576.4,499.4,9.299999999999983,77.30000000000001,109.9,NaN,NaN,NaN,NaN,NaN,NaN
박증태,1,4,5,7,3,1,1,908,0,0,0,0,0,120241,4901,100899,14440,0,18053,656,16043,1354,2522,1,8499,4952,2154,34,6,17213,5511,11380,321,10358,9000,2,1,181,2,0,0,81,14,6,0,9,11,0,0,0,0,1,0,6,7.3,NaN,384.1,506.4,NaN,254.1,400.9,NaN,NaN,NaN,NaN,NaN,NaN,NaN,NaN,NaN,NaN
뒤돌아보지말라우,1,7,3,8,3,2,2,847,1,0,0,0,0,119790,108839,6566,4385,0,21075,20106,879,90,4923,1,15464,6823,1992,25,16,16930,5152,10882,894,11388,9210,2,1,188,7,1,4,194,15,3,0,6,7,0,0,0,0,1,0,8.9,7,NaN,547.8,492.6,NaN,385.70000000000005,397.20000000000005,NaN,105.49999999999997,33.900000000000006,NaN,NaN,NaN,NaN,NaN,NaN,NaN
Homelander,0,0,4,3,0,0,0,567,0,0,0,0,0,115137,9250,98284,7602,0,2615,175,2339,100,12968,1,13724,13225,0,11,2,24069,4653,19120,294,6392,6000,0,0,5,126,99,1,164,11,1,0,2,0,0,0,0,0,0,0,0,0.5,NaN,377,345.70000000000005,NaN,269.2,288.29999999999995,NaN,90.39999999999999,-170.69999999999996,NaN,NaN,NaN,NaN,NaN,NaN,NaN
